initials,in_2.0_search,study_ID,complete?,fish_source,captive_#_generations,peer_reviewed,title,data_collection_year,pub_year,journal,thesis_chapter,supplementary-data,doi,citation-APA,notes
NM,,2_0040,yes,wild,,yes,"Thermal Niche of Larval Sea Lamprey, Petromyzon marinus",NA,1094,,,,doi.org/10.1139/f94-026,"Holmes, J. A., & Lin, P. (1994). Thermal Niche of Larval Sea Lamprey, Petromyzon marinus. Canadian Journal of Fisheries and Aquatic Sciences, 51(2), 253–262. https://doi.org/10.1139/f94-026",
LG,yes,1_0034,,captivity,hatchery,yes,The effect of temperature and oxygen on the growth rate of the windermere char (Salvelinus alpinus willughbii),NA,1964,Comparative Biochemistry and Physiology,n/a,no,doi.org/10.1016/0010-406X(64)90172-0,"Swift, D. R. (1964). The effect of temperature and oxygen on the growth rate of the windermere char (Salvelinus alpinus willughbii). Comparative Biochemistry and Physiology, 12(2), 179–183. https://doi.org/10.1016/0010-406X(64)90172-0",
LG,yes,1_0021,yes,captivity,many,yes,Swimming Performance of Sockeye Salmon (Oncorhynchus nerka) in relation to Fatigue Time and Temperature,NA,1967,Journal of the Fisheries Research Board of Canada,n/a,no,doi.org/10.1139/f67-142,"Brett, J. R. (1967). Swimming Performance of Sockeye Salmon (Oncorhynchus nerka) in relation to Fatigue Time and Temperature. Journal of the Fisheries Research Board of Canada, 24(8), 1731–1741. https://doi.org/10.1139/f67-142",
HM,,2_0048,yes,wild,,,,NA,1978,,,,https://doi.org/10.1016/0044-8486(78)90058-3,"Williams, S. F., & Caldwell, R. S. (1978). Growth, food conversion and survival of 0-group English sole (Parophrys vetulus Girard) at five temperatures and five rations. Aquaculture, 15(2), 129–139. https://doi.org/10.1016/0044-8486(78)90058-3",
HM,,2_0078,yes--but see note,wild,,yes,,NA,1982,,no,no,https://doi.org/10.1111/j.1095-8649.1982.tb02861.x,"ENERGETIC COSTS AT DIFFERENT LEVELS OF FEEDING IN JUVENILE COD, GADUS-MORHUA L",
HM,n/a,2_0027,,wild,,yes,Growth responses of the brown bullhead ( Ictalurus nebulosus ) to temperature,NA,1985,Canadian Journal of Zoology,no,no,doi.org/10.1139/z85-224,"Keast, A. (1985). Growth responses of the brown bullhead ( Ictalurus nebulosus ) to temperature. Canadian Journal of Zoology, 63(6), 1510–1515. https://doi.org/10.1139/z85-224",
LG,yes,1_0004,**cohort Id is n/a -- yes because I don't know how to split them ah,wild,n/a,yes,"Lethal Temperatures and the Effect of Temperature Change on Volitional Swimming Speeds of Chub Mackerel, Scomber japonicus",1983,NA,Copeia,n/a,no,doi.org/10.2307/1444885,"Schaefer, K. M. (1986). Lethal Temperatures and the Effect of Temperature Change on Volitional Swimming Speeds of Chub Mackerel, Scomber japonicus. Copeia, 1986(1), 39–44. https://doi.org/10.2307/1444885",
LG,yes,1_0013,yes,wild,n/a,yes,"Temperature-Induced Shift in Foraging Ability in Two Fish Species, Roach (Rutilus rutilus) and Perch (Perca fluviatilis): Implications for Coexistence between Poikilotherms",NA,1986,Journal of Animal Ecology,n/a,no,doi.org/10.2307/4419,"Persson, L. (1986). Temperature-Induced Shift in Foraging Ability in Two Fish Species, Roach (Rutilus rutilus) and Perch (Perca fluviatilis): Implications for Coexistence between Poikilotherms. Journal of Animal Ecology, 55(3), 829–839. https://doi.org/10.2307/4419","extracted in (Kontopoulos et al., 2024)"
HM,,2_0086,yes,wild,,yes,,NA,1987,,no,no,https://doi.org/10.1007/BF00002736,"Temperature-dependent differences in foraging ability of two percids, Perca fluviatilis and Gymnocephalus cernuus",
NM,n/a,2_0024,,wild,,yes,Growth-Temperature Relation for Young-Of-The-Year Ruffe,NA,1993,Journal of Great Lakes Research,n/a,no,doi.org/10.1016/S0380-1330(93)71247-2,"Edsall, T. A., Selgeby, J. H., DeSorcie, T. J., & French, J. R. P. (1993). Growth-Temperature Relation for Young-Of-The-Year Ruffe. Journal of Great Lakes Research, 19(3), 630–633. https://doi.org/10.1016 /S0380-1330(93)71247-2",
HM,yes,1_0018,,captivity,,yes,Effects of Temperature on the Growth of Japanese Flounder,NA,1994,Fisheries Science,n/a,no,doi.org/10.2331/fishsci.60.527,"Iwata, N., Kikuchi, K., Honda, H., Kiyono, M., & Kurokura, H. (1994). Effects of Temperature on the Growth of Japanese Flounder. Fisheries Science, 60(5), 527–531. https://doi.org/10.2331 /fishsci.60.527",
LG,no,1_0039,yes,captivity,0001,yes,Energy Partitioning During Fish Development: Additive or Compensatory Allocation of Energy to Support Growth?,NA,1994,Functional Ecology,n/a,no,doi.org/10.2307/2389901,"Rombough, P. J. (1994). Energy Partitioning During Fish Development: Additive or Compensatory Allocation of Energy to Support Growth? Functional Ecology, 8(2), 178. https://doi.org/10.2307/2389901",
LG,yes,1_0020,exp. design,wild,n/a,yes,"Respiration rate of adult pilchard Sardinops sagax in relation to temperature, voluntary swimming speed and feeding behaviour",NA,1995,Marine Ecology Progress Series,n/a,no,doi.org/10.3354/meps129041,"Van Der Lingen, C. (1995). Respiration rate of adult pilchard Sardinops sagax in relation to temperature, voluntary swimming speed and feeding behaviour. Marine Ecology Progress Series, 129, 41–54. https://doi.org/10.3354/meps129041",
LG,yes,1_0023,yes,captivity,hatchery,yes,Feeding and growth of juvenile Japanese flounder Paralichthys olivaceus in relation to temperature and food supply,NA,1995,Netherlands Journal of Sea Research,n/a,,doi.org/10.1016/0077-7579(95)90019-5,"Fonds, M., Tanaka, M., & Van Der Veer, H. W. (1995). Feeding and growth of juvenile Japanese flounder Paralichthys olivaceus in relation to temperature and food supply. Netherlands Journal of Sea Research, 34(1–3), 111–118. https://doi.org/10.1016/0077-7579(95)90019-5",
LG,yes,1_0038,yes,wild,n/a,yes,Effects of size on optimal temperature for growth and growth efficiency of immature Atlantic halibut (Hippoglossus hippoglossus L.),NA,1996,Aquaculture,n/a,no,doi.org/10.1016/0044-8486(95)01240-0,"Björnsson, B., & Tryggvadóttir, S. V. (1996). Effects of size on optimal temperature for growth and growth efficiency of immature Atlantic halibut (Hippoglossus hippoglossus L.). Aquaculture, 142(1–2), 33–42. https://doi.org/10.1016/0044-8486(95)01240-0",
NM,n/a,2_0026,,wild,,yes,The effect of temperature and photoperiod on the growth of juvenile spotted grunter pomadasys commersonnii (Pisces: Haemulidae),NA,1996,South African Journal of Marine Science,no,no,doi.org/10.2989/025776196784158365,"Deacon, N., & Hecht, T. (1996). The effect of temperature and photoperiod on the growth of juvenile spotted grunter pomadasys commersonnii (Pisces: Haemulidae). South African Journal of Marine Science, 17(1), 55–60. https://doi.org/10.2989/025776196784158365",
LG,n/a,2_0021,yes,wild,,yes,"Some environmental factors affecting the reproduction of Aphanius dispar (Rüppell, 1828)",NA,1997,Hydrobiologia,n/a,no,doi.org/10.1023/A:1003000225293,"Frenkel, V., & Goren, M. (1997). Some environmental factors affecting the reproduction of Aphanius dispar (Rüppell, 1828). Hydrobiologia, 347, 197–207. https://doi.org/10.1023/A:1003000225293",
HM,n/a,2_0025,,wild,,yes,The effect of temperature on growth of juvenile bloater,NA,1997,Journal of Great Lakes Research,n/a,no,doi.org/10.1016/S0380-1330(97)70927-4,"Edsall, T. A., & Frank, A. M. (1997). The effect of temperature on growth of juvenile bloater. Journal of Great Lakes Research, 23(4), 468–471. https://doi.org/10.1016/S0380-1330(97)70927-4",
NM,,2_0041,yes,wild,,yes,,NA,1998,,,,doi.org/10.1242/jeb.201.3.317,"Temple, G. K., & Johnston, I. A. (1998). Testing Hypotheses Concerning The Phenotypic Plasticity Of Escape Performance In Fish Of The Family Cottidae. Journal of Experimental Biology, 201(3), 317–331. https://doi.org/10.1242/jeb.201.3.317",
HM,n/a,2_0009,*temp error check,wild,n/a,yes,The Growth–Temperature Relation of Juvenile Lake Whitefish,NA,1999,Americans Fisheries Society,n/a,no,doi.org/10.1577/1548-8659(,"Edsall, T. A. (1999). The Growth–Temperature Relation of Juvenile Lake Whitefish. Transactions of the American Fisheries Society, 128(5), 962–964. https://doi.org/10.1577/1548-8659",
HM,,2_0069,yes,wild,,yes,,NA,1999,,no,no,https://www.researchgate.net/publication/285963104_Influence_of_distillery_effluent_on_feeding_energetics_of_freshwater_fish_in_relation_to_water_temperature,Influence of distillery effluent on feeding energetics of freshwater fish in relation to water temperature,
LG,yes,1_0026,,captivity,0002,yes,"Thermal sensitivity of growth, food intake and activity of juvenile brown trout",NA,2001,Journal of Thermal Biology,n/a,no,doi.org/10.1016/S0306-4565(00)00038-3,"Ojanguren, A. F., Reyes-Gavilán, F. G., & Braña, F. (2001). Thermal sensitivity of growth, food intake and activity of juvenile brown trout. Journal of Thermal Biology, 26(3), 165–170. https://doi.org/10.1016/S0306-4565(00)00038-3",
HM,,2_0074,yes,wild,,yes,,NA,2001,,no,no,https://doi.org/10.1007/s003600000172,Stenotherms at sub-zero temperatures: thermal dependence of swimming performance in Antarctic fish,
LG,yes,1_0005,,captivity,many,yes,Effect of temperature on swimming performance of sea bass juveniles,NA,2002,Journal of Fish Biology,n/a,no,doi.org/10.1111/j.1095-8649.2002.tb02418.x,"Koumoundouros, G., Sfakianakis, D. G., Divanach, P., & Kentouri, M. (2002). Effect of temperature on swimming performance of sea bass juveniles. Journal of Fish Biology, 60(4), 923–932. https://doi.org/10.1111/j.1095-8649.2002.tb02418.x",
HM,yes,1_0037,,wild,n/a,yes,"The effect of fasting and refeeding on temperature preference, activity and growth of roach, Rutilus rutilus",NA,2002,Oecologia,n/a,no,doi.org/10.1007/s00442-001-0830-3,"Van Dijk, P., Staaks, G., & Hardewig, I. (2002). The effect of fasting and refeeding on temperature preference, activity and growth of roach, Rutilus rutilus. Oecologia, 130(4), 496–504. https://doi.org/10.1007/s00442-001-0830-3",
JS,n/a,2_0030,,wild,,yes,"Effect of temperature on growth and survival of Chirostoma estor estor, Jordan 1879, monitored using a simple video technique for remote measurement of length and mass of larval and juvenile fishes",NA,2002,Aquaculture,no,no,doi.org/10.1016/S0044-8486(01)00873-0,"Martı́nez-Palacios, C. A., Barriga Tovar, E., Taylor, J. F., Rı́os Durán, G., & Ross, L. G. (2002). Effect of temperature on growth and survival of Chirostoma estor estor, Jordan 1879, monitored using a simple video technique for remote measurement of length and mass of larval and juvenile fishes. Aquaculture, 209(1–4), 369–377. https://doi.org/10.1016/S0044-8486(01)00873-0",
JS,n/a,2_0028,yes,wild,,yes,"Effects of Temperature and Salinity on Growth of Juvenile Black Sea Bass, with Implications for Aquaculture",NA,2003,North American Journal of Aquaculture,no,no,doi.org/10.1577/C02-037,"Cotton, C., Walker, R., & Recicar, T. (2003). Effects of Temperature and Salinity on Growth of Juvenile Black Sea Bass, with Implications for Aquaculture. North American Journal of Aquaculture, 65, 330–338. https://doi.org/10.1577/C02-037",
NM,n/a,2_0031,,wild,,yes,Impact of temperature on food intake and growth in juvenile burbot,NA,2003,,no,no,doi.org/10.1046/j.1095-8649.2003.00252.x,"Hofmann, N., & Fischer, P. (2003). Impact of temperature on food intake and growth in juvenile burbot. Journal of Fish Biology, 63(5), 1295–1305. https://doi.org/10.1046/j.1095-8649.2003.00252.x",
HM,n/a,2_0016,*need to look at,captivity,,yes,"Effects of temperature on growth and metabolism in a Mediterranean population of European sea bass, Dicentrarchus labrax",NA,2004,Aquaculture,n/a,no,doi.org/10.1016/j.aquaculture.2004.04.021,"Person-Le Ruyet, J., Mahé, K., Le Bayon, N., & Le Delliou, H. (2004). Effects of temperature on growth and metabolism in a Mediterranean population of European sea bass, Dicentrarchus labrax. Aquaculture, 237(1–4), 269–280. https://doi.org/10.1016/j.aquaculture.2004.04.021",
HM,,2_0049,yes,captivity,,,,NA,2004,,,,https://doi.org/10.1016/j.aquaculture.2004.04.021,"Effects of temperature on growth and metabolism in a Mediterranean population of European sea bass, <i>Dicentrarchus labrax</i>",
HM,,2_0095,yes,wild,,yes,,NA,2004,,,,https://doi.org/10.1016/j.jembe.2004.07.007,Effect of temperature and salinity on the energetics of juvenile gray snapper (Lutjanus griseus): implications for nursery habitat value,
LG,yes,1_0003,sample size missing,captivity,farm,yes,"Thermal tolerance, growth and oxygen consumption of Labeo rohita fry (Hamilton, 1822) acclimated to four temperatures",NA,2005,Journal of Thermal Biology,n/a,no,doi.org/10.1016/j.jtherbio.2005.03.001,"Das, T., Pal, A. K., Chakraborty, S. K., Manush, S. M., Sahu, N. P., & Mukherjee, S. C. (2005). Thermal tolerance, growth and oxygen consumption of Labeo rohita fry (Hamilton, 1822) acclimated to four temperatures. Journal of Thermal Biology, 30(5), 378–383. https://doi.org/10.1016/j.jtherbio.2005.03.001",
LG,no,1_0019,yes,wild,n/a,yes,Temperature influences the coercive mating and swimming performance of male eastern mosquitofish,NA,2005,Animal Behaviour,n/a,no,doi.org/10.1016/j.anbehav.2004.12.024,"Wilson, R. S. (2005). Temperature influences the coercive mating and swimming performance of male eastern mosquitofish. Animal Behaviour, 70(6), 1387–1394. https://doi.org/10.1016/j.anbehav.2004.12.024",
HM,,2_0042,yes,wild,,yes,,NA,2005,,,,doi.org/10.1016 /j.jembe.2005.01.009,"Wuenschel, M. J., Jugovich, A. R., & Hare, J. A. (2005). Metabolic response of juvenile gray snapper (Lutjanus griseus) to temperature and salinity: Physiological cost of different environments. Journal of Experimental Marine Biology and Ecology, 321(2), 145–154. https://doi.org/10.1016 /j.jembe.2005.01.009",
HM,,2_0015,yes,wild,,yes,The effect of temperature on the energetic growth efficiency of Arctic charr (Salvelinus alpinus L.) from four Swedish populations,NA,2005,Journal of Thermal Biology,n/a,no,doi.org/10.1016/j.jtherbio.2004.06.001,"Larsson, S., & Berglund, I. (2005). The effect of temperature on the energetic growth efficiency of Arctic charr (Salvelinus alpinus L.) from four Swedish populations. Journal of Thermal Biology, 30(1), 29–36. https://doi.org/10.1016/j.jtherbio.2004.06.001",
HM,,2_0073,yes,wild,direct offspring of wild,yes,,NA,2005,,no,no,https://doi.org/10.1111/j.1095-8649.1998.tb00795.x,Growth and food consumption of 0+ Arctic charr fed pelleted or natural food at six different temperatures,
LG,yes,1_0007,,captivity,farm,yes,Effect of temperature on maximum swimming speed and cost of transport in juvenile European sea bass (Dicentrarchus labrax).,NA,2006,"Journal of Experimental Biology,",n/a,no,doi.org/10.1242/jeb.02346,"Claireaux, G., Couturier, C., & Groison, A.-L. (2006). Effect of temperature on maximum swimming speed and cost of transport in juvenile European sea bass ( Dicentrarchus labrax ). Journal of Experimental Biology, 209(17), 3420–3428. https://doi.org/10.1242/jeb.02346",
LG,yes,1_0010,,captivity,many,yes,Effects of Temperature and Body Size on the Swimming Speed of Larval and Juvenile Atlantic Cod (Gadus Morhua): Implications for Individual-based Modelling,NA,2006,Environmental Biology of Fishes,n/a,no,doi.org/10.1007/s10641-006-0031-3,"Peck, M. A., Buckley, L. J., & Bengtson, D. A. (2006). Effects of Temperature and Body Size on the Swimming Speed of Larval and Juvenile Atlantic Cod (Gadus Morhua): Implications for Individual-based Modelling. Environmental Biology of Fishes, 75(4), 419–429. https://doi.org/10.1007/s10641-006-0031-3",
HM,no,1_0014,check,captivity,,yes,Effect of temperature on growth and energy budget of juvenile cobia (Rachycentron canadum,NA,2006,Aquaculture,n/a,no,doi.org/10.1016/j.aquaculture.2006.07.028 ,"Sun, L., Chen, H., & Huang, L. (2006). Effect of temperature on growth and energy budget of juvenile cobia (Rachycentron canadum). Aquaculture, 261(3), 872–878. https://doi.org/10.1016 /j.aquaculture.2006.07.028",
LG,yes,1_0032,,captivity,e-mailed author 07/11,yes,The effect of temperature and fish size on growth and feed efficiency ratio of juvenile spotted wolffish Anarhichas minor,NA,2006,Journal of Fish Biology,n/a,no,doi.org/10.1111/j.0022-1112.2006.00989.x,"Imsland, A. K., Foss, A., Sparboe, L. O., & Sigurdsson, S. (2006). The effect of temperature and fish size on growth and feed efficiency ratio of juvenile spotted wolffish Anarhichas minor. Journal of Fish Biology, 68(4), 1107–1122. https://doi.org/10.1111/j.0022-1112.2006.00989.x",
HM,n/a,2_0010,*acclim temp should be test temp,captivity,,yes,Effects of temperature on the growth of pollack (Pollachius pollachius) juveniles,NA,2006,Aquaculture,n/a,no,doi.org/10.1016/j.aquaculture.2005.06.029,"Person-Le Ruyet, J., Buchet, V., Vincent, B., Le Delliou, H., & Quéméner, L. (2006). Effects of temperature on the growth of pollack (Pollachius pollachius) juveniles. Aquaculture, 251(2–4), 340–345. https://doi.org/10.1016/j.aquaculture.2005.06.029",
HM,,2_0070,yes,wild,,yes,,NA,2006,,no,no,10.1086/592027,Can Phenotypic Plasticity Facilitate the Geographic Expansion of the Tilapia <i>Oreochromis mossambicus?</i>,
NM,,2_0046,yes,wild,,yes,,NA,2007,,,,doi.org/10.1016/j.aquaculture.2006.10.038,"Kling, L. J., Muscato Hansen, J., & Jordaan, A. (2007). Growth, survival and feed efficiency for post- metamorphosed Atlantic cod (Gadus morhua) reared at different temperatures. Aquaculture, 262(2), 281–288. https://doi.org/10.1016/j.aquaculture.2006.10.038",
HM,,2_0079,yes,wild,,yes,,NA,2007,,no,no,https://doi.org/10.1016/j.aquaculture.2007.06.026,Growth model for Atlantic cod (Gadus morhua): Effects of temperature and body weight on growth rate,"eggs collected in wild, fertilized on board. Don’t have error for any of the raw data means//only errors for the model parameters..
"
LG,yes,1_0022,yes,wild,n/a,yes,Evaluation of the Swimming Ability of Wild-caught Onychostoma barbatula (Cyprinidae) and applications to fishway design for rapid streams in Taiwan,NA,2008,The Raffles Bulletin of Zoology,n/a,no,https://www.science.nus.edu.sg/wp-content/uploads/sites/11/2024/05/s19rbz273-284.pdf,"Lin, P.-J., Ni, I-Hsun, & Huang, Bao-Quey. (2008). Evaluation of The Swimming Ability of Wild-caught Onychostoma barbatula (Cyprinidae) and Applications to Fishway Deisgn for Rapid Streams in Taiwan. The Raffles Bulletin of Zoology, Supplement No. 19, 273–284.",
LG,n/a,2_0001,yes,wild,n/a,yes,The effects of acute temperature change on swimming performance in bluegill sunfish Lepomis macrochirus,NA,2008,The Journal of Experimental Biology,n/a,no,doi.org/10.1242/jeb.014688,"Jones, E. A., Jong, A. S., & Ellerby, D. J. (2008). The effects of acute temperature change on swimming performance in bluegill sunfish Lepomis macrochirus. Journal of Experimental Biology, 211(9), 1386–1393. https://doi.org/10.1242/jeb.014688",
HM,n/a,2_0005,,wild,n/a,yes,Swimming Performance and Energetics as a Function of Temperature in Killifish Fundulus heteroclitus,NA,2008,Physiological and Biochemical Zoology,n/a,no,doi.org/10.1086/589109,"Fangue, N. A., Mandic, M., Richards, J. G., & Schulte, P. M. (2008). Swimming performance and energetics as a function of temperature in killifish Fundulus heteroclitus. Physiological and biochemical zoology : PBZ, 81(4), 389–401. https://doi.org/10.1086/589109",
LG,n/a,2_0036,yes,wild,,yes,Effects of temperature on survival and growth of juvenile spinefoot rabbitfish (Siganus rivulatus),NA,2008,Aquaculture Research,n/a,no,doi.org/10.1111/j.1365-2109.2007.01903.x,"Saoud, I. P., Mohanna, C., & Ghanawi, J. (2008). Effects of temperature on survival and growth of juvenile spinefoot rabbitfish (Siganus rivulatus). Aquaculture Research, 39(5), 491–497. https://doi.org/10.1111/j.1365-2109.2007.01903.x",
HM,yes,1_0001,yes--imp to look at for indtemp data grouping,captivity,farm,yes,Effect of temperature on swimming performance in juvenile southern catfish (Silurus meridionalis),NA,2009,Comparative Biochemistry and Physiology,n/a,,doi.org/10.1016/j.cbpa.2009.01.013,"Zeng, L.-Q., Cao, Z.-D., Fu, S.-J., Peng, J.-L., & Wang, Y.-X. (2009). Effect of temperature on swimming performance in juvenile southern catfish (Silurus meridionalis). Comparative Biochemistry and Physiology Part A: Molecular & Integrative Physiology, 153(2), 125–130. https://doi.org/10.1016 /j.cbpa.2009.01.013",
HM,n/a,2_0011,check back -  the blanks*,captivity,,yes,"Survival and Growth of Juvenile Marine Pejerrey, Odontesthes argentinensis, Reared at Different Temperatures",NA,2010,World Aquaculture Society,n/a,no,doi.org/10.1111/j.1749-7345.2010.00436.x,"Streit, D. P., Tesser, M. B., Burkert, D., Castaño Sanchez, C., & Sampaio, L. A. (2010). Survival and Growth of Juvenile Marine Pejerrey, Odontesthes argentinensis, Reared at Different Temperatures. Journal of the World Aquaculture Society, 41(6), 931–935. https://doi.org/10.1111/j.1749-7345.2010.00436.x",
HM,n/a,2_0013,,captivity,,yes,Physiological responses of Chinese longsnout catfish to water temperature,NA,2011,Chinese Journal of Oceanology and Limnology,n/a,no,doi.org/10.1007/s00343-011-0165-9,"Han, D., Xie, S., Zhu, X., & Yang, Y. (2011). Physiological responses of Chinese longsnout catfish to water temperature. Chinese Journal of Oceanology and Limnology, 29(3), 633–639. https://doi.org/10.1007 /s00343-011-0165-9",
LG,yes,1_0025,,captivity,hatchery,yes,"Effects of temperature on the foraging and growth rate of juvenile common carp, Cyprinus carpio",NA,2012,Journal of Thermal Biology,n/a,no,doi.org/10.1016/j.jtherbio.2011.11.005,"Oyugi, D. O., Cucherousset, J., Baker, D. J., & Britton, J. R. (2012). Effects of temperature on the foraging and growth rate of juvenile common carp, Cyprinus carpio. Journal of Thermal Biology, 37(1), 89–94. https://doi.org/10.1016/j.jtherbio.2011.11.005",
HM,,2_0038,yes,,,,,NA,2012,,,yes,doi.org/10.1086/664584,"Healy, T. M., & Schulte, P. M. (2012). Thermal Acclimation Is Not Necessary to Maintain a Wide Thermal Breadth of Aerobic Scope in the Common Killifish ( Fundulus heteroclitus ). Physiological and Biochemical Zoology, 85(2), 107–119. https://doi.org/10.1086/664584","extraction is in process, still need accute curves and to fill in a lot of the other columns"
NM,,2_0039,yes,wild,,yes,Conservation Aquaculture of Northern Leatherside Chub and Effects of Temperature on Egg Survival,NA,2012,,,,doi.org/10.1080/15222055.2012.686007,"Bartley, M. S., Wagner, E. J., & Oplinger, R. W. (2012). Conservation Aquaculture of Northern Leatherside Chub and Effects of Temperature on Egg Survival. North American Journal of Aquaculture, 74(3), 289–296. https://doi.org/10.1080/15222055.2012.686007",
HM,,2_0063,yes,wild,direct offspring of wild,yes,,NA,2012,,no,no,10.1007/s10499-012-9571-z,"Effects of temperature on growth, survival and body composition in larvae of barbel, Barbus barbus (L.)",
HM,,2_0083,yes,wild,,yes,,NA,2013,,no,no,https://doi.org/10.1111/gcb.12455,Life on the edge: thermal optima for aerobic scope of equatorial reef fishes are close to current day temperatures,
LG,yes,1_0031,yes,wild,n/a,yes,Effect of temperature on the predation rate of the pearl cichlid (Geophagus brasiliensis) on the channeled applesnail (Pomacea canaliculata).,NA,2014,Latin American Journal of Aquatic Research,n/a,no,doi.org/10.3856/vol42-issue5-fulltext-10,"Rabello Da Silva, A., & Chim Figueiredo, M. R. (2014). Effect of temperature on the predation rate of the pearl cichlid (Geophagus brasiliensis) on the channeled applesnail (Pomacea canaliculata). Latin American Journal of Aquatic Research, 42(5), 1056–1062. https://doi.org/10.3856/vol42-issue5-fulltext-10",
HM,n/a,2_0007,**acclim temp should be test temp**,wild,n/a,yes,Effect of temperature on swimming performance of juvenile Schizothorax prenanti,NA,2014,Fish Physiology and Biochemistry,n/a,no,doi.org/10.1007/s10695-013-9860-0,"Cai, L., Liu, G., Taupier, R. et al. Effect of temperature on swimming performance of juvenile Schizothorax prenanti . Fish Physiol Biochem 40, 491–498 (2014). https://doi.org/10.1007/s10695-013-9860-0",
HM,n/a,2_0022,,wild,,yes,Increasing ocean temperatures reduce activity patterns of a large commercially important coral reef fish,NA,2014,Global Change Biology,n/a,yes,doi.org/10.1111/gcb.12452,"Johansen, J. L., Messmer, V., Coker, D. J., Hoey, A. S., & Pratchett, M. S. (2014). Increasing ocean temperatures reduce activity patterns of a large commercially important coral reef fish. Global change biology, 20(4), 1067–1074. https://doi-org.proxy3.library.mcgill.ca/10.1111/gcb.12452",emailed authors the sample size data
NM,,2_0045,yes,wild,,yes,,NA,2014,,,,https://doi.org/10.1111/fog.12084,"Laurel, B. J., Danley, C., & Haines, S. (2014). The effects of temperature on growth, development and settlement of northern rock sole larvae ( L epidopsetta polyxystra ). Fisheries Oceanography, 23(6), 495–505. https://doi.org/10.1111/fog.12084",
HM,n/a,2_0008,,wild,n/a,yes,The effect of temperature on repeat swimming performance in juvenile qingbo (Spinibarbus sinensis),NA,2015,Fish Physiology and Biochemistry,n/a,no,doi.org/10.1007/s10695-014-0002-0,"Pang, X., Yuan, X. Z., Cao, Z. D., Zhang, Y. G., & Fu, S. J. (2015). The effect of temperature on repeat swimming performance in juvenile qingbo (Spinibarbus sinensis). Fish physiology and biochemistry, 41(1), 19–29. https://doi.org/10.1007/s10695-014-0002-0",
LG,n/a,2_0017,yes,wild,,yes,Temperature-dependent growth and behavior of juvenile Arctic cod (Boreogadus saida) and co-occurring North Pacific gadids,NA,2016,Polar Biology,n/a,no,doi.org/10.1007/s00300-015-1761-5,"Laurel, B. J., Spencer, M., Iseri, P., & Copeman, L. A. (2016). Temperature-dependent growth and behavior of juvenile Arctic cod (Boreogadus saida) and co-occurring North Pacific gadids. Polar Biology, 39(6), 1127–1135. https://doi.org/10.1007/s00300-015-1761-5",
HM,,2_0082,no *have emailed authors for distinct population data,,,,,NA,2016,,,,doi.org/10.1016/j.cbpa.2016.05.018,"McDonnell, L. H., & Chapman, L. J. (2016). Effects of thermal increase on aerobic capacity and swim performance in a tropical inland fish. Comparative Biochemistry and Physiology Part A: Molecular & Integrative Physiology, 199, 62–70. https://doi.org/10.1016/j.cbpa.2016.05.018",have emailed authors for distinct population data
NM,,2_0066,yes,wild,,yes,,NA,2016,,no,,https://doi.org/10.1111/gcb.13527,"Effects of ocean acidification increase embryonic sensitivity to thermal extremes in Atlantic cod, Gadus morhua",
HM,yes,1_0016,"**have emailed authors for data in figure 3** fixed except for the data from figure 1, check species",captivity,,yes,"Effect of water temperature on reproductive performance and offspring quality of rare minnow, Gobiocypris rarus",NA,2017,Journal of Thermal Biology,n/a,,doi.org/10.1016/j.jtherbio.2017.05.002,"Luo, S., Jin, S., Su, L., & Wang, J. (2017). Effect of water temperature on reproductive performance and offspring quality of rare minnow, Gobiocypris rarus. Journal of Thermal Biology, 67, 59–66. https://doi.org/10.1016/j.jtherbio.2017.05.002",
HM,n/a,2_0014,,captivity,,yes,The effect of water temperature on growth parameters of intensively reared juvenile peled Coregonus peled,NA,2017,Aquaculture Research,n/a,no,doi.org/10.1111/are.13025,"Matousek, J., Stejskal, V., Prokesova, M. and Kouril, J. (2017), The effect of water temperature on growth parameters of intensively reared juvenile peled Coregonus peled. Aquac Res, 48: 1877-1884. https://doi.org/10.1111/are.13025",
HM,,2_0059,yes,wild,,yes,,NA,2017,,no,no,10.1086/693134,Contrasting fundamental and realized niches: two fishes with similar thermal performance curves occupy different thermal habitats,
HM,,2_0089,yes,wild,,yes,,NA,2017,,,,https://doi.org/10.1016/j.jtherbio.2017.04.006,Temperature effects on aerobic scope and cardiac performance of European perch (Perca fluviatilis),
HM,,2_0093,yes,wild,F1 of wild caught,yes,,NA,2017,,no,no,https://doi.org/10.1038/s41598-017-03300-z ,Differential effects of  developmental thermal plasticity  across three generations of guppies  (Poecilia reticulata): canalization  and anticipatory matching,
LG,yes,1_0002,,captivity,farm,yes,"Effects of acute temperature and salinity changes, body length and starvation on the critical swimming speed of juvenile tiger puffer, Takifugu rubripes.",NA,2018,Fish Physiology and Biochemistry,n/a,no,doi.org/10.1007/s10695-017-0436-2,"Yu, X., Chen, L., Cui, W., Xing, B., Zhuang, X., & Zhang, G. (2018). Effects of acute temperature and salinity changes, body length and starvation on the critical swimming speed of juvenile tiger puffer, Takifugu rubripes. Fish Physiology and Biochemistry, 44(1), 311–318. https://doi.org/10.1007/s10695-017-0436-2",
LG,n/a,2_0019,yes,wild,,yes,Aerobic capacities and swimming performance of Polar cod ( Boreogadus saida Lepechin) under ocean acidification and warming conditions,NA,2018,Journal of Experimental Biology,n/a,yes,doi.org/10.1242/jeb.184473,"Kunz, K. L., Claireaux, G., Pörtner, H.-O., Knust, R., & Mark, F. C. (2018). Aerobic capacities and swimming performance of Polar cod ( Boreogadus saida Lepechin) under ocean acidification and warming conditions. Journal of Experimental Biology, jeb.184473. https://doi.org/10.1242/jeb.184473",
LG,yes,1_0028,yes,wild,n/a,yes,Effects of overwintering temperatures on the escape response in cunner (Tautogolabrus adspersus),NA,2019,Journal of Experimental Zoology Part A: Ecological and Integrative Physiology,n/a,no,doi.org/10.1002/jez.2269,"Moran, C. J., Young, C. M., & Gerry, S. P. (2019). Effects of overwintering temperatures on the escape response in cunner (Tautogolabrus adspersus). Journal of Experimental Zoology Part A: Ecological and Integrative Physiology, 331(6), 319–325. https://doi.org/10.1002/jez.2269",
NM,n/a,2_0029,yes,wild,,yes,The Antarctic fish Harpagifer antarcticus under current temperatures and T salinities and future scenarios of climate change,NA,2019,,no,no,doi.org/10.1016/j.pocean.2018.09.001,"Navarro, J. M., Paschke, K., Ortiz, A., Vargas-Chacoff, L., Pardo, L. M., & Valdivia, N. (2019). The Antarctic fish Harpagifer antarcticus under current temperatures and salinities and future scenarios of climate change. Progress in Oceanography, 174, 37–43. https://doi.org/10.1016/j.pocean.2018.09.001",
HM,,2_0035,,,,,,NA,2019,,,,doi.org/10.1080/02705060.2019.1687109,"Penney, H. D., Litt, M. A., & Purchase, C. F. (2019). Threshold temperature constraints on reproduction of the banded killifish ( Fundulus diaphanus ). Journal of Freshwater Ecology, 34(1), 771–782. https://doi.org/10.1080/02705060.2019.1687109",
JS,,2_0033,,wild,,yes,"Temperature-dependent growth and consumption of young-of-the-year sablefish Anoplopoma fimbria: Too hot, too cold or just right?",NA,2019,Fisheries Research,no,no,doi.org/10.1016/j.fishres.2018.09.005,"Krieger, J. R., Sreenivasan, A., Heintz, R. (2019) Temperature-dependent growth and consumption of young-of-the-year sablefish Anoplopoma fimbria: Too hot, too cold or just right? Fisheries Research, 209: 32-39. https://doi.org/10.1016/j.fishres.2018.09.005.",
HM,,2_0043,yes,wild,,yes,,NA,2019,,,,doi.org /10.1093/conphys/coz063 ,"Frenette, B. D., Bruckerhoff, L. A., Tobler, M., & Gido, K. B. (2019). Temperature effects on performance and physiology of two prairie stream minnows. Conservation Physiology, 7(1), coz063. https://doi.org /10.1093/conphys/coz063",
HM,,2_0076,yes,wild,,yes,,NA,2019,,no,no,https://doi.org/10.1007/s00338-019-01815-7 ,Rapid larval growth is costly for post-metamorphic thermal performance in a Great Barrier Reef fish,data is log transformed
LG,no,1_0036,,captivity,many,yes,Oxythermal window drastically constraints the survival and development of European sturgeon early life phases,NA,2020,Environmental Science and Pollution Research,n/a,no,doi.org/10.1007/s11356-018-4021-8,"Delage, N., Couturier, B., Jatteau, P., Larcher, T., Ledevin, M., Goubin, H., Cachot, J., & Rochard, E. (2020). Oxythermal window drastically constraints the survival and development of European sturgeon early life phases. Environmental Science and Pollution Research, 27(4), 3651–3660. https://doi.org/10.1007/s11356-018-4021-8",
LG,n/a,2_0002,yes,wild,n/a,yes,Temperature effect on the maximum swimming speed of jack mackerel Trachurus japonicus through muscle contraction monitoring,NA,2020,Journal of Animal Behaviour and Biometeorology,n/a,no,doi.org/10.31893/jabb.20021,"Nofrizal, N., Ramdhani, F., & Arimoto, T. (2020). Temperature effect on the maximum swimming speed of jack mackerel Trachurus japonicus through muscle contraction monitoring. Journal of Animal Behaviour and Biometeorology, 8(3), 160–167. https://doi.org/10.31893/jabb.20021",
LG,n/a,2_0020,yes,wild,,yes,"Effect of water temperature on the physiological responses in Betta rubra, Perugia 1893 (Pisces: Osphronemidae)",NA,2020,International Aquatic Research,n/a,no,doi.org/10.22034/iar.2020.1900150.1053,"Nur, F., Batubara, A., Eriani, K., Tang, U., Muhammada, A., Siti-Azizah, M., Wilkes, M., Fadli, N., Rizal, S., & Muchlisin, Z. (2020). Effect of water temperature on the physiological responses in Betta rubra, Perugia 1893 (Pisces: Osphronemidae). International Aquatic Research, 12(3). https://doi.org/10.22034/iar.2020.1900150.1053",
HM,n/a,2_0023,,wild_and_captive,,yes,Temperature response in the physiology and growth of lake trout strains stocked in the Laurentian Great Lakes,NA,2020,Journal of Great Lakes Research,n/a,yes,doi.org/10.1016/j.jglr.2020.01.012,"Hébert, I., & Dunlop, E. S. (2020). Temperature response in the physiology and growth of lake trout strains stocked in the Laurentian Great Lakes. Journal of Great Lakes Research, 46(2), 366–375. https://doi.org /10.1016/j.jglr.2020.01.012",
HM,,2_0087,yes,wild,,yes,,NA ,2020,,no,no,https://doi.org/10.1016/j.ecolind.2020.106146,Linking individual physiological indicators to the productivity of fish populations: A case study of Atlantic herring,
LG,yes,1_0006,yes,captivity,0001,yes,The Effects of Temperature Acclimation on Swimming Performance in the Pelagic Mahi-Mahi (Coryphaena hippurus),NA,2021,Frontiers in Marine Science,n/a,yes,doi.org/10.3389/fmars.2021.654276,"Heuer, R. M., Stieglitz, J. D., Pasparakis, C., Enochs, I. C., Benetti, D. D., & Grosell, M. (2021). The Effects of Temperature Acclimation on Swimming Performance in the Pelagic Mahi-Mahi (Coryphaena hippurus). Frontiers in Marine Science, 8, 654276. https://doi.org/10.3389/fmars.2021.654276",
LG,yes,1_0030,,captivity,many,yes,Growth and feed conversion ratio of diploid and triploid induced juvenile turbot reared at different water temperatures,NA,2021,Aquaculture,n/a,yes,doi.org/10.1016/j.aquaculture.2021.736981,"Aydın, İ., Küçük, E., Polat, H., Öztürk, R. Ç., Terzi, Y., & Altınok, İ. (2021). Growth and feed conversion ratio of diploid and triploid induced juvenile turbot reared at different water temperatures. Aquaculture, 543, 736981. https://doi.org/10.1016/j.aquaculture.2021.736981",
LG,yes,1_0040,yes,wild,n/a,yes,Long-term effects of temperatures on the physiological response of juveniles of the eurythermal sub-antarctic notothenioid Eleginops maclovinus,NA,2021,Aquaculture,n/a,no,doi.org/10.1016/j.aquaculture.2020.735797,"Oyarzún-Salazar, R., Rojas, J. J., Pontigo, J. P., Mardones, O., Muñoz, J. L. P., Dantagnan, P., & Vargas-Chacoff, L. (2021). Long-term effects of temperatures on the physiological response of juveniles of the eurythermal sub-antarctic notothenioid Eleginops maclovinus. Aquaculture, 530, 735797. https://doi.org/10.1016/j.aquaculture.2020.735797",
JS,n/a,2_0032,,wild,,yes,"The Development of Doctor Fish, Garra rufa (Heckel, 1843), Larvae and the Effect of Temperature on their Growth.",NA,2021,Fresenius Environmental Bulletin,no,,https://hdl.handle.net/20.500.12428/3676,"Celik, P. (2021). The Development of Doctor Fish, Garra rufa (Heckel, 1843), Larvae and the Effect of Temperature on their Growth. Fresenius Environmental Bulletin, 30(01), 241–249. https://hdl.handle.net/20.500.12428/3676",
JS,,2_0034,,invasive,,,,NA,2021,,,,doi.org/10.1111/fwb.13722,"Seebacher, F., & Kazerouni‐Ghanizadeh, E. (2021). Water flow and temperature interact to determine oxidative status, swimming performance, and dispersal of mosquitofish ( Gambusia holbrooki ). Freshwater Biology, 66(7), 1366–1374. https://doi.org/10.1111/fwb.13722",
HM,,2_0090,yes,wild,,yes,,NA,2021,,no,,https://doi.org/10.1111/aje.12939,"Effects of environmental temperature on the growth performance of a tropical Oreochromis esculentus (Graham, 1928). Implications for the species conservation",
LG,yes,1_0033,yes,wild,n/a,yes,Oxygen isotope fractionation of otoliths formed across the maximum thermal range for somatic growth of the American eel Anguilla rostrata,NA,2022,Chemical Geology,n/a,,https://doi.org/10.1016/j.chemgeo.2021.120706,"Holden, C. V., Kyser, T. K., Longstaffe, F. J., Wang, Y., & Casselman, J. M. (2022). Oxygen isotope fractionation of otoliths formed across the maximum thermal range for somatic growth of the American eel Anguilla rostrata. Chemical Geology, 591, 120706. https://doi.org/10.1016/j.chemgeo.2021.120706",
HM,,2_0080,no--contacted author..see note,,,,,,2022,,,,https://doi.org/10.1016/j.crphys.2022.02.002,,Effect of thermal variation on the cardiac thermal limits of a eurythermal marine teleost (Girella nigricans)
NM,,2_0044,yes,wild,,yes,,NA,2023,,,,doi.org/10.1111/jfb.15448,"Schneider, E. V. C., Zuckerman, Z. C., Talwar, B. S., Cooke, S. J., Shultz, A. D., & Suski, C. D. (2023). Aerobic response to thermal stress across ontogeny and habitats in a teleost fish. Journal of Fish Biology, 103(2), 336–346. https://doi.org/10.1111/jfb.15448",
LG,n/a,2_0004,yes,wild,n/a,yes,Accelerometer-based swimming metabolism of smallmouth bass (Micropterus dolomieu),NA,2024,Journal of Fish Biology,n/a,yes,doi.org/10.1111/jfb.15774,"Brownscombe, J. W., Smith, K., & Bzonek, P. A. (2024). Accelerometer-based swimming metabolism of smallmouth bass (Micropterus dolomieu). Journal of Fish Biology, 105(1), 254–264. https://doi.org/10.1111/jfb.15774",
HM,,2_0067,yes,wild,,yes,,NA,2024,,no,no,https://doi.org/10.1016/j.jtherbio.2024.103951,Physiologically-informed predictions of climate warming effects on native and non-native populations of blue catfish,
HM,,2_0071,yes,wild,,yes,,NA,2025,"Petereit, C., Haslob, H., Kraus, G. et al. The influence of temperature on the development of Baltic Sea sprat (Sprattus sprattus) eggs and yolk sac larvae. Mar Biol 154, 295–306 (2008). https://doi.org/10.1007/s00227-008-0923-1",no,no,https://doi.org/10.1016/j.aquaculture.2024.741537,"Effects of water temperature on growth, health and digestive processes of the thicklip grey mullet<i> Chelon</i><i> labrosus</i>",
LG,yes,1_0008,yes,wild,n/a,yes,"Metabolic costs of spontaneous swimming in Sprattus sprattus L., at different water temperatures",2005,NA,PLoS ONE,n/a,yes,doi.org/10.1371/journal.pone.0225568,"Meskendahl, L., Fontes, R. P., Herrmann, J.-P., & Temming, A. (2019). Metabolic costs of spontaneous swimming in Sprattus sprattus L., at different water temperatures. PLOS ONE, 14(11), e0225568. https://doi.org/10.1371/journal.pone.0225568",
LG,no,1_0009,yes--do the dif sexes make up dif curves? if so i dont think there is enough for a curve for all of them ),wild,n/a,yes,Laboratory‐Based Measurements of Swimming Performance and Related Metabolic Rates of Field‐Sampled Smallmouth Buffalo (Ictiobus bubalus): A Study of Seasonal Changes,1995,NA,Physiological Zoology,n/a,no,doi.org/10.1086/515419,"Adams, S. R., & Parsons, G. R. (1998). Laboratory‐Based Measurements of Swimming Performance and Related Metabolic Rates of Field‐Sampled Smallmouth Buffalo (Ictiobus bubalus): A Study of Seasonal Changes. Physiological Zoology, 71(4), 350–358. https://doi.org/10.1086/515419",
LG,yes,1_0011,yes,wild,n/a,yes,Effects of water temperature on swimming performance of Siniperca knerii Garman under the Yuanshui River cascade development,2019,NA,Israeli Journal of Aquaculture - Bamidgeh,n/a,no,doi.org/10.46989/001c.75236,"Song, B., Liu, L., Su, X., & Li, T. (2023). Effects of water temperature on swimming performance of Siniperca knerii Garman under the Yuanshui River cascade development. Israeli Journal of Aquaculture - Bamidgeh, 75(1). https://doi.org/10.46989/001c.75236",
LG,yes,1_0015,yes,captivity,0001,yes,"Factors affecting growth of killifish, Aphanius dispar, a potential biological control of mosquitoes",1993,NA,Aquaculture,n/a,,doi.org/10.1016/S0044-8486(99)00326-9,"Frenkel, V., & Goren, M. (2000). Factors affecting growth of killifish, Aphanius dispar, a potential biological control of mosquitoes. Aquaculture, 184(3–4), 255–265. https://doi.org/10.1016/S0044-8486(99)00326-9",
HM,yes,1_0017,*need to look at the population / treatment differences**,captivity,,yes,Growth Rate of Yearling Colorado Squawfish at Different Water Temperatures,1982,NA,The Southwestern Naturalist,n/a,no,doi.org/10.2307/3670738,"Black, T., & Bulkley, R. V. (1985). Growth Rate of Yearling Colorado Squawfish at Different Water Temperatures. The Southwestern Naturalist, 30(2), 253–257. https://doi.org/10.2307/3670738",
LG,no,1_0029,yes,captivity,0001,yes,Effects of temperature and salinity on artificially reproduced eggs and larvae of the leopard grouper Mycteroperca rosacea,2002,NA,Aquaculture,n/a,no,doi.org/10.1016/j.aquaculture.2004.04.018,"Gracia-López, V., Kiewek-Martı́nez, M., & Maldonado-Garcı́a, M. (2004). Effects of temperature and salinity on artificially reproduced eggs and larvae of the leopard grouper Mycteroperca rosacea. Aquaculture, 237(1–4), 485–498. https://doi.org/10.1016/j.aquaculture.2004.04.018",
LG,no,1_0035,,captivity,many,yes,Comparison of growth and survival of sea-run and landlocked strains of Atlantic salmon Salmo salar in the Lake Ontario watershed,2001,NA,Journal of Great Lakes Research,n/a,no,doi.org/10.1016/j.jglr.2017.06.007,"Murphy, M. H., Ringler, N. H., & Stewart, D. J. (2017). Comparison of growth and survival of sea-run and landlocked strains of Atlantic salmon Salmo salar in the Lake Ontario watershed. Journal of Great Lakes Research, 43(5), 953–962. https://doi.org/10.1016/j.jglr.2017.06.007",
LG,n/a,2_0003,yes but this one doesn't work to group in r by treatment bc all of them have different food ration treatment--but there is a world where we want the curve anyway and have all of them on one vurve even though they have dif treatments,wild,n/a,yes,Effects of ration size and temperature on the growth of juvenile common carp (Cyprinus carpio L.),1982,NA,Aquaculture,n/a,no,doi.org/10.1016/0044-8486(84)90051-6,"Goolish, E. M., & Adelman, I. R. (1984). Effects of ration size and temperature on the growth of juvenile common carp (Cyprinus carpio L.). Aquaculture, 36(1–2), 27–35. https://doi.org/10.1016/0044-8486(84)90051-6",
HM,n/a,2_0006,*cohort ID is n/a?,wild,n/a,yes,"Swimming energetics and thermal ecology of adult bonefish (Albula vulpes): a combined laboratory and field study in Eleuthera, The Bahamas",2012,NA,Enviornmental Biology of Fishes,n/a,no,doi.org/10.1007/s10641-015-0420-6,"Nowell, L.B., Brownscombe, J.W., Gutowsky, L.F.G. et al. Swimming energetics and thermal ecology of adult bonefish (Albula vulpes): a combined laboratory and field study in Eleuthera, The Bahamas. Environ Biol Fish 98, 2133–2146 (2015). https://doi.org/10.1007/s10641-015-0420-6",
LG,n/a,2_0012,yes,captivity,0001,yes,Thermal tolerance in cutthroat trout of the southern Rocky Mountains,2018,NA,Canadian Journal of Fisheries and Aquatic Sciences,n/a,no,doi.org/10.1139/cjfas-2021-0352,"Rogers, K. B., Sucher, B. J., Hodge, B. W., & Myrick, C. A. (2022). Thermal tolerance in cutthroat trout of the southern Rocky Mountains. Canadian Journal of Fisheries and Aquatic Sciences, 79(12), 2043–2055. https://doi.org/10.1139/cjfas-2021-0352",
LG,n/a,2_0018,yes,wild,,yes,"Feeding of Burbot, Lota lota, at Different Temperature",1997,NA,Environmental Biology of Fishes,n/a,no,doi.org/10.1023/A:1007611606545,"Pääkkönen, J.-P. J., & Marjomäki, T. J. (2000). Feeding of Burbot, Lota lota, at Different Temperatures. Environmental Biology of Fishes, 58(1), 109–112. https://doi.org/10.1023/A:1007611606545",
HM,,2_0047,yes,wild,,yes,,2010,NA,,no,,https://doi.org/10.1590 /S1679-62252013000400012 ,"Fonseca, A. P. D., Volcan, M. V., Sampaio, L. A., Romano, L. A., & Robaldo, R. B. (2013). Growth of Critically Endangered annual fish Austrolebias wolterstorffi (Cyprinodontiformes: Rivulidae) at different temperatures. Neotropical Ichthyology, 11(4), 837–844. https://doi.org/10.1590 /S1679-62252013000400012",
NM,,2_0050,yes,wild,,yes,,1991,NA,,no,no,https://www.semanticscholar.org/paper/Feeding%2C-growth-and-survival-of-juvenile-summer-of-Malloy-Targett/a37cde5f858c5d397e4c86cabdfdbf660fc600af,"Malloy, K.D., & Targett, T.E. (1991). Feeding, growth and survival of juvenile summer flounder Paralichthys dentatus:Experimental analysis of the effects of temperature and salinity. Marine Ecology Progress Series, 72, 213-223.",
NM,,2_0051,yes,wild,,yes,,2023,NA,,no,no,https://doi.org/10.1093/conphys/coad022,"Jacey C Van Wert, Brian Hendriks, Andreas Ekström, David A Patterson, Steven J Cooke, Scott G Hinch, Erika J Eliason, Population variability in thermal performance of pre-spawning adult Chinook salmon, Conservation Physiology, Volume 11, Issue 1, 2023, coad022, https://doi.org/10.1093/conphys/coad022",
NM,,2_0052,yes,wild ,,yes,,1996,NA,,no,no,https://doi.org/10.1111/j.1095-8649.1996.tb00017.x,Feeding and growth of juvenile sea bass: the effect of ration and temperature on growth rate and efficiency,
NM,,2_0053,yes,wild,,yes,,2002,NA,,no,no,https://doi.org/10.1016/S0306-4565(02)00006-2,Turning up the heat on subzero fish: thermal dependence of sustained swimming in an Antarctic notothenioid,
HM,,2_0054,yes,wild,,yes,,2022,NA,,no,yes,https://doi.org/10.1093/conphys/coac022,"Guo, L. W., Jordaan, A., Schultz, E. T., & McCormick, S. D. (2022). Identification of supraoptimal temperatures in juvenile blueback herring ( Alosa aestivalis ) using survival, growth rate and scaled energy reserves. Conservation Physiology, 10(1), coac022. https://doi.org/10.1093/conphys/coac022",
HM,,2_0055,yes,wild,,yes,,2019,NA,,no,yes,https://doi.org/10.1007/s00360-019-01212-0,Anintertidal fish shows thermal acclimation despite living in a rapidly fluctuating environment,see suplemental data
HM,,2_0056,yes,wild,,yes,,2016,NA,,no,no,https://doi.org/10.1016/j.aquaculture.2019.02.025,Impact of temperature and growth hormone on growth physiology of juvenile Atlantic wolffish (Anarhichas lupus),
HM,,2_0057,yes,wild,,yes,,2008,NA,,no,no,10.1080/00028487.2013.765503,Upper Thermal Tolerance of Mountain Whitefish Eggs and Fry,
HM,,2_0058,yes,wild,direct offspring of wild,yes,,2011,NA,,no,no,https://doi.org/10.3354/meps09643 ,Effect of incubation temperature on growth performance in Atlantic salmon,"these curves should be averaged--ie. there are reported values for each fish but instead of treating them like a bunch of ind curves, av the values at each temp and treat as mean curves"
HM,,2_0060,yes,wild,,yes,,2013,NA,,no,no,https://doi.org/10.1016/j.dsr2.2016.04.004,"Estimation of the relationship between growth, consumption, and energy allocation in juvenile pacific cod (Gadus macrocephalus) as a function of temperature and ration",
HM,,2_0061,yes,wild,,yes,,2008,NA,,no,no,https://doi.org/10.1111/j.1600-0633.2010.00470.x,The role of temperature in prey capture probability of drift-feeding juvenile brown trout (salmo trutta),
HM,,2_0062,yes,wild,,yes,,2009,NA,,no,no,https://doi.org/10.1242/jeb.060517,Exceptional aerobic scope and cardiovascular performance of pink salmon (Oncorhynchus gorbuscha) may underlie resilience in a warming climate,
HM,,2_0064,yes,wild,,yes,,1997,NA,,,,https://scispace.com/pdf/growth-and-behavioral-responses-to-elevated-temperatures-by-19yxornqkg.pdf,Growth and behavioral responses to elevated temperatures by juvenile sablefish <i>Anoplopoma fimbria</i> and the interactive role of food availability,
NM,,2_0065,yes,wild,,yes,,2012,NA,,no,no,https://doi.org/10.1242/jeb.140194,Acclimation potential of Arctic cod (Boreogadus saida) from the rapidly warming Arctic Ocean,
NM,,2_0068,yes,wild,,yes,,2008,NA,,no,no,https://doi.org/10.1111/j.1095-8649.2011.03121.x,A temperature-dependent growth model for the three-spined stickleback Gasterosteus aculeatus,
HM,,2_0072,no--confused on how to extract when points are based on equations they fit?,wild,,yes,,2012,NA,,no,no,10.1016/j.cbpa.2014.09.033,The effect of temperature and body size on metabolic scope of activity in juvenile Atlantic cod <i>Gadus morhua</i> L.,tagged under need second look
HM,,2_0075,yes,wild,direct offpsring/eggs from wild individual ,yes,,1991,NA,,no,no,https://doi.org/10.1016/0044-8486(94)90341-7,"EFFECTS OF TEMPERATURE AND FOOD DENSITY ON EGG DEVELOPMENT, LARVAL SURVIVAL AND GROWTH OF PERCH (PERCA-FLUVIATILIS L)",
HM,,2_0077,yes,wild,,yes,,2020,NA,,no,no,https://doi.org/10.1007/s10641-021-01195-4,Embryonic development and effect of water temperature on hatching of Lophius litulon,
HM,,2_0084,yes,wild,,yes,,2019,NA,,no,no,https://doi.org/10.1002/jez.2827,Intraspecific variation in thermal performance curves for early development in Fundulus heteroclitus,
HM,,2_0085,yes,wild,,yes,,1994,NA,,no,no,https://doi.org/10.1007/BF02523274,Effect of temperature on embryonic and larval development of bream (Abramis brama L.),
HM,,2_0088,yes,wild,,yes,,2009,NA,,,,https://doi.org/10.1111/jfb.12257,"Temperature-mediated survival, development and hatching variation of Pacific cod Gadus macrocephalus eggs",
HM,,2_0091,yes,wild,,yes,,2019,NA,,no,no,https://doi.org/10.3389/fevo.2024.1290083,Interactive effects of temperature and velocity on the feeding behavior of competing native and invasive stream fishes,
HM,,2_0092,yes,wild,,yes,,1999,NA,,no,no,https://doi.org/10.1111/j.1365-2427.2005.01404.x,Water temperature determines strength of top-down control in a stream food web,
HM,,2_0094,yes,wild,,yes,,2014,NA,,no,,https://doi.org/10.1007/s00360-017-1124-3,Thermal windows and metabolic performance curves in a developing Antarctic fish,
,,,,,,,,,,,,,,,
,,,,,,,,,,,,,,,
,,,,,,,,,,,,,,,
,,,,,,,,,,,,,,,
,,,,,,,,,,,,,,,
,,,,,,,,,,,,,,,
,,,,,,,,,,,,,,,
,,,,,,,,,,,,,,,
,,,,,,,,,,,,,,,
,,,,,,,,,,,,,,,
,,,,,,,,,,,,,,,
,,,,,,,,,,,,,,,
papers for jenn and nikki to look at,,,,,,,,,,,,,,,
2_0072,https://doi.org/10.1016/j.aquaculture.2007.06.026,,,,,,,,,,,,,,