,X,after_wrms_name,AlphiaID,gen_spp,kingdom,subkingdom,infrakingdom,phylum,subphylum,infraphylum,superclass,class,superorder,order,suborder,family,subfamily,genus,species,tribe,superfamily,na,wormsid_kingdom,wormsid_subkingdom,wormsid_infrakingdom,wormsid_phylum,wormsid_subphylum,wormsid_infraphylum,wormsid_superclass,wormsid_class,wormsid_superorder,wormsid_order,wormsid_suborder,wormsid_family,wormsid_subfamily,wormsid_genus,wormsid_species,wormsid_tribe,wormsid_superfamily,wormsid_na,species_ID
3,3,NA,154370,Ameiurus nebulosus,Animalia,Bilateria,Deuterostomia,Chordata,Vertebrata,Gnathostomata,Actinopterygii,Teleostei,Ostariophysi,Siluriformes,NA,Ictaluridae,NA,Ameiurus,Ameiurus nebulosus,NA,NA,NA,202423,914154,914156,158852,331030,914179,161061,161105,162845,163992,NA,163995,NA,164034,164043,NA,NA,NA,SP66
7,7,NA,1016489,Austrolebias wolterstorffi,Animalia,Bilateria,Deuterostomia,Chordata,Vertebrata,Gnathostomata,Actinopterygii,Teleostei,Acanthopterygii,Cyprinodontiformes,Aplocheiloidei,Aplocheilidae,Rivulinae,Austrolebias,Austrolebias wolterstorffi,NA,NA,NA,202423,914154,914156,158852,331030,914179,161061,161105,166082,553130,553158,553203,646787,646872,647389,NA,NA,NA,SP87
9,9,NA,1019437,Betta rubra,Animalia,Bilateria,Deuterostomia,Chordata,Vertebrata,Gnathostomata,Actinopterygii,Teleostei,Acanthopterygii,Perciformes,Anabantoidei,Osphronemidae,Macropodinae,Betta,Betta rubra,NA,NA,NA,202423,914154,914156,158852,331030,914179,161061,161105,166082,167640,172582,172678,638689,172610,638726,NA,NA,NA,SP61
11,11,NA,1022825,campostoma anomalum,Animalia,Bilateria,Deuterostomia,Chordata,Vertebrata,Gnathostomata,Actinopterygii,Teleostei,Ostariophysi,Cypriniformes,NA,Leuciscidae,Pogonichthyinae,Campostoma,Campostoma anomalum,NA,Cyprinoidea,NA,202423,914154,914156,158852,331030,914179,161061,161105,162845,162846,NA,1198935,1198937,163507,163508,NA,638796,NA,SP84
12,12,NA,1528185,Chirostoma estor,Animalia,Bilateria,Deuterostomia,Chordata,Vertebrata,Gnathostomata,Actinopterygii,Teleostei,Acanthopterygii,Atheriniformes,NA,Atherinopsidae,Menidiinae,Chirostoma,Chirostoma estor,NA,NA,NA,202423,914154,914156,158852,331030,914179,161061,161105,166082,165429,NA,630579,630585,166063,630719,NA,NA,NA,SP69
13,13,NA,1020289,chrosomus erythrogaster,Animalia,Bilateria,Deuterostomia,Chordata,Vertebrata,Gnathostomata,Actinopterygii,Teleostei,Ostariophysi,Cypriniformes,NA,Leuciscidae,Laviniinae,Chrosomus,Chrosomus erythrogaster,NA,Cyprinoidea,NA,202423,914154,914156,158852,331030,914179,161061,161105,162845,162846,NA,1198935,1198941,913982,913994,NA,638796,NA,SP83
16,16,NA,1049459,Coregonus hoyi,Animalia,Bilateria,Deuterostomia,Chordata,Vertebrata,Gnathostomata,Actinopterygii,Teleostei,Protacanthopterygii,Salmoniformes,NA,Salmonidae,Coregoninae,Coregonus,Coregonus hoyi,NA,NA,NA,202423,914154,914156,158852,331030,914179,161061,161105,161928,161929,NA,161931,623284,161932,623394,NA,NA,NA,SP64
26,26,NA,159325,Gambusia affinis,Animalia,Bilateria,Deuterostomia,Chordata,Vertebrata,Gnathostomata,Actinopterygii,Teleostei,Acanthopterygii,Cyprinodontiformes,Cyprinodontoidei,Poeciliidae,Poeciliinae,Gambusia,Gambusia affinis,NA,NA,NA,NA,NA,NA,NA,NA,NA,NA,NA,NA,NA,NA,NA,NA,NA,165896,NA,NA,NA,SP19
27,27,NA,1312572,Garra rufa,Animalia,Bilateria,Deuterostomia,Chordata,Vertebrata,Gnathostomata,Actinopterygii,Teleostei,Ostariophysi,Cypriniformes,NA,Cyprinidae,NA,Garra,Garra rufa,NA,Cyprinoidea,NA,202423,914154,914156,158852,331030,914179,161061,161105,162845,162846,NA,163342,NA,163704,689117,NA,638796,NA,SP71
32,32,NA,1022862,ictiobus bubalus,Animalia,Bilateria,Deuterostomia,Chordata,Vertebrata,Gnathostomata,Actinopterygii,Teleostei,Ostariophysi,Cypriniformes,NA,Catostomidae,Ictiobinae,Ictiobus,Ictiobus bubalus,NA,Cobitoidea,NA,202423,914154,914156,158852,331030,914179,161061,161105,162845,162846,NA,163892,638807,163954,163955,NA,638797,NA,SP8
33,33,NA,1019999,Lepidomeda copei,Animalia,Bilateria,Deuterostomia,Chordata,Vertebrata,Gnathostomata,Actinopterygii,Teleostei,Ostariophysi,Cypriniformes,NA,Leuciscidae,Plagopterinae,Lepidomeda,Lepidomeda copei,NA,Cyprinoidea,NA,202423,914154,914156,158852,331030,914179,161061,161105,162845,162846,NA,1198935,1198938,163570,913987,NA,638796,NA,SP77
35,35,NA,1022846,Lepomis macrochirus,Animalia,Bilateria,Deuterostomia,Chordata,Vertebrata,Gnathostomata,Actinopterygii,Teleostei,Acanthopterygii,Perciformes,Percoidei,Centrarchidae,NA,Lepomis,Lepomis macrochirus,NA,NA,NA,202423,914154,914156,158852,331030,914179,161061,161105,166082,167640,167641,168093,NA,168130,168141,NA,NA,NA,SP42
39,39,NA,151296,Micropterus dolomieu,Animalia,Bilateria,Deuterostomia,Chordata,Vertebrata,Gnathostomata,Actinopterygii,Teleostei,Acanthopterygii,Perciformes,Percoidei,Centrarchidae,NA,Micropterus,Micropterus dolomieu,NA,NA,NA,202423,914154,914156,158852,331030,914179,161061,161105,166082,167640,167641,168093,NA,168158,550562,NA,NA,NA,SP44
42,42,NA,1016344,Onychostoma barbatulam,Animalia,Bilateria,Deuterostomia,Chordata,Vertebrata,Gnathostomata,Actinopterygii,Teleostei,NA,Cypriniformes,NA,Cyprinidae,NA,Onychostoma,Onychostoma barbatulum,NA,NA,NA,NA,NA,NA,NA,NA,NA,NA,NA,NA,NA,NA,NA,NA,NA,NA,NA,NA,NA,SP22
53,53,NA,567548,Salvelinus namaycush,Animalia,Bilateria,Deuterostomia,Chordata,Vertebrata,Gnathostomata,Actinopterygii,Teleostei,Protacanthopterygii,Salmoniformes,NA,Salmonidae,Salmoninae,Salvelinus,Salvelinus namaycush,NA,NA,NA,202423,914154,914156,158852,331030,914179,161061,161105,161928,161929,NA,161931,623286,161999,162002,NA,NA,NA,SP62
56,56,NA,1015896,Schizothorax prenanti,Animalia,Bilateria,Deuterostomia,Chordata,Vertebrata,Gnathostomata,Actinopterygii,Teleostei,Ostariophysi,Cypriniformes,NA,Cyprinidae,NA,Schizothorax,Schizothorax prenanti,NA,Cyprinoidea,NA,202423,914154,914156,158852,331030,914179,161061,161105,162845,162846,NA,163342,NA,638910,690079,NA,638796,NA,SP47
60,60,NA,1020560,Spinibarbus sinensis,Animalia,Bilateria,Deuterostomia,Chordata,Vertebrata,Gnathostomata,Actinopterygii,Teleostei,NA,Cypriniformes,NA,Cyprinidae,NA,Spinibarbus,sinensis,NA,NA,NA,NA,NA,NA,NA,NA,NA,NA,NA,NA,NA,NA,NA,NA,NA,NA,NA,NA,NA,SP48
66,66,NA,567546,Prosopium williamsoni,Animalia,Bilateria,Deuterostomia,Chordata,Vertebrata,Gnathostomata,Actinopterygii,Teleostei,Protacanthopterygii,Salmoniformes,NA,Salmonidae,Coregoninae,Prosopium,Prosopium williamsoni,NA,NA,NA,202423,914154,914156,158852,331030,914179,161061,161105,161928,161929,NA,161931,623284,162007,162009,NA,NA,NA,SP95
67,67,NA,1021911,Gadopsis marmoratus,Animalia,Bilateria,Deuterostomia,Chordata,Vertebrata,Gnathostomata,Actinopterygii,Teleostei,Acanthopterygii,Perciformes,Percoidei,Percichthyidae,NA,Gadopsis,Gadopsis marmoratus,NA,NA,NA,202423,914154,914156,158852,331030,914179,161061,161105,166082,167640,167641,170315,NA,170220,170221,NA,NA,NA,SP96
68,68,NA,1012067,Gadopsis bispinosus,Animalia,Bilateria,Deuterostomia,Chordata,Vertebrata,Gnathostomata,Actinopterygii,Teleostei,Acanthopterygii,Perciformes,Percoidei,Percichthyidae,NA,Gadopsis,Gadopsis bispinosus,NA,NA,NA,202423,914154,914156,158852,331030,914179,161061,161105,166082,167640,167641,170315,NA,170220,641887,NA,NA,NA,SP97
70,70,NA,154292,Barbus barbus,Animalia,Bilateria,Deuterostomia,Chordata,Vertebrata,Gnathostomata,Actinopterygii,Teleostei,Ostariophysi,Cypriniformes,NA,Cyprinidae,NA,Barbus,Barbus barbus,NA,Cyprinoidea,NA,202423,914154,914156,158852,331030,914179,161061,161105,162845,162846,NA,163342,NA,163618,163619,NA,638796,NA,SP99
87,87,NA,1016104,Oreochromis esculentus,Animalia,Bilateria,Deuterostomia,Chordata,Vertebrata,Gnathostomata,Actinopterygii,Teleostei,Acanthopterygii,Perciformes,Labroidei,Cichlidae,NA,Oreochromis,Oreochromis esculentus,NA,NA,NA,202423,914154,914156,158852,331030,914179,161061,161105,166082,167640,170476,169770,NA,170014,648840,NA,NA,NA,SP117
84,84,Zoramia leptacanthus,713323,Zoramia leptacanthus,Animalia,Bilateria,Deuterostomia,Chordata,Vertebrata,Gnathostomata,Actinopterygii,Teleostei,NA,Kurtiformes,NA,Apogonidae,Apogoninae,Zoramia,Zoramia leptacanthus,NA,NA,NA,NA,NA,NA,NA,NA,NA,NA,NA,NA,NA,NA,NA,NA,NA,NA,NA,NA,NA,SP114
29,29,Gymnocephalus cernua,405451,Gymnocephalus cernuus,Animalia,Bilateria,Deuterostomia,Chordata,Vertebrata,Gnathostomata,Actinopterygii,Teleostei,Acanthopterygii,Perciformes,Percoidei,Percidae,NA,Gymnocephalus,Gymnocephalus cernuus,NA,NA,NA,202423,914154,914156,158852,331030,914179,161061,161105,166082,167640,167641,168356,NA,168519,168520,NA,NA,NA,SP63
6,6,Aphaniops dispar,316333,aphanius dispar,Animalia,Bilateria,Deuterostomia,Chordata,Vertebrata,Gnathostomata,Actinopterygii,Teleostei,Acanthopterygii,Cyprinodontiformes,Cyprinodontoidei,Cyprinodontidae,Cyprinodontinae,Aphanius,Aphanius dispar,Orestiini,NA,NA,202423,914154,914156,158852,331030,914179,161061,161105,166082,553130,165614,165629,646796,165721,165722,646798,NA,NA,SP15
25,25,Gadus chalcogrammus,300735,Gadus chalcogrammus,Animalia,Bilateria,Deuterostomia,Chordata,Vertebrata,Gnathostomata,Actinopterygii,Teleostei,Paracanthopterygii,Gadiformes,NA,Gadidae,Gadinae,Gadus,Gadus chalcogrammus,NA,NA,NA,202423,914154,914156,158852,331030,914179,161061,161105,164385,164665,NA,164701,550569,164710,934083,NA,NA,NA,SP59
59,59,Siniperca knerii,282798,Siniperca knerii,Animalia,Bilateria,Deuterostomia,Chordata,Vertebrata,Gnathostomata,Actinopterygii,Teleostei,Acanthopterygii,Perciformes,Percoidei,Percichthyidae,NA,Siniperca,Siniperca knerii,NA,NA,NA,202423,914154,914156,158852,331030,914179,161061,161105,166082,167640,167641,170315,NA,641853,641921,NA,NA,NA,SP10
34,34,Lepidopsetta polyxystra,281307,Lepidopsetta polyxystra,Animalia,Bilateria,Deuterostomia,Chordata,Vertebrata,Gnathostomata,Actinopterygii,Teleostei,Acanthopterygii,Pleuronectiformes,Pleuronectoidei,Pleuronectidae,Pleuronectinae,Lepidopsetta,Lepidopsetta polyxystra,Microstomini,NA,NA,202423,914154,914156,158852,331030,914179,161061,161105,166082,172702,172707,172859,615941,172879,616392,615946,NA,NA,SP86
28,28,Geophagus brasiliensis,280831,geophagus brasiliensis,Animalia,Bilateria,Deuterostomia,Chordata,Vertebrata,Gnathostomata,Actinopterygii,Teleostei,Acanthopterygii,Perciformes,Labroidei,Cichlidae,NA,Geophagus,Geophagus brasiliensis,NA,NA,NA,202423,914154,914156,158852,331030,914179,161061,161105,166082,167640,170476,169770,NA,169914,169915,NA,NA,NA,SP30
18,18,Eleginops maclovinus,280634,Eleginops maclovinus,Animalia,Bilateria,Deuterostomia,Chordata,Vertebrata,Gnathostomata,Actinopterygii,Teleostei,Acanthopterygii,Perciformes,Notothenioidei,Nototheniidae,NA,Eleginops,Eleginops maclovinus,NA,NA,NA,202423,914154,914156,158852,331030,914179,161061,161105,166082,167640,171099,171103,NA,642496,642813,NA,NA,NA,SP40
73,73,Channa striata,280130,Channa striata,Animalia,Bilateria,Deuterostomia,Chordata,Vertebrata,Gnathostomata,Actinopterygii,Teleostei,Acanthopterygii,Perciformes,Channoidei,Channidae,NA,Channa,Channa striata,NA,NA,NA,202423,914154,914156,158852,331030,914179,161061,161105,166082,167640,162835,166661,NA,166662,166667,NA,NA,NA,SP103
81,81,Dascyllus melanurus,278451,Dascyllus melanurus,Animalia,Bilateria,Deuterostomia,Chordata,Vertebrata,Gnathostomata,Actinopterygii,Teleostei,Acanthopterygii,Perciformes,Labroidei,Pomacentridae,NA,Dascyllus,Dascyllus melanurus,NA,NA,NA,202423,914154,914156,158852,331030,914179,161061,161105,166082,167640,170476,170044,NA,170121,170127,NA,NA,NA,SP111
83,83,Pomacentrus moluccensis,277159,Pomacentrus moluccensis,Animalia,Bilateria,Deuterostomia,Chordata,Vertebrata,Gnathostomata,Actinopterygii,Teleostei,Acanthopterygii,Perciformes,Labroidei,Pomacentridae,NA,Pomacentrus,Pomacentrus moluccensis,NA,NA,NA,202423,914154,914156,158852,331030,914179,161061,161105,166082,167640,170476,170044,NA,170150,615461,NA,NA,NA,SP113
71,71,Ictalurus furcatus,275329,Ictalurus furcatus,Animalia,Bilateria,Deuterostomia,Chordata,Vertebrata,Gnathostomata,Actinopterygii,Teleostei,Ostariophysi,Siluriformes,NA,Ictaluridae,NA,Ictalurus,Ictalurus furcatus,NA,NA,NA,202423,914154,914156,158852,331030,914179,161061,161105,162845,163992,NA,163995,NA,163996,163997,NA,NA,NA,SP101
64,64,Trachurus japonicus,273302,Trachurus japonicus,Animalia,Bilateria,Deuterostomia,Chordata,Vertebrata,Gnathostomata,Actinopterygii,Teleostei,Acanthopterygii,Perciformes,Percoidei,Carangidae,Caranginae,Trachurus,Trachurus japonicus,NA,NA,NA,202423,914154,914156,158852,331030,914179,161061,161105,166082,167640,167641,168584,1228110,168585,642012,NA,NA,NA,SP43
80,80,Lophius litulon,272600,Lophius litulon,Animalia,Bilateria,Deuterostomia,Chordata,Vertebrata,Gnathostomata,Actinopterygii,Teleostei,Paracanthopterygii,Lophiiformes,Lophioidei,Lophiidae,NA,Lophius,Lophius litulon,NA,NA,NA,202423,914154,914156,158852,331030,914179,161061,161105,164385,164495,164496,164497,NA,164498,690538,NA,NA,NA,SP110
89,89,Salvelinus malma,254570,Salvelinus malma,Animalia,Bilateria,Deuterostomia,Chordata,Vertebrata,Gnathostomata,Actinopterygii,Teleostei,Protacanthopterygii,Salmoniformes,NA,Salmonidae,Salmoninae,Salvelinus,Salvelinus malma,NA,NA,NA,202423,914154,914156,158852,331030,914179,161061,161105,161928,161929,NA,161931,623286,161999,162000,NA,NA,NA,SP119
24,24,Gadus macrocephalus,254538,Gadus macrocephalus,Animalia,Bilateria,Deuterostomia,Chordata,Vertebrata,Gnathostomata,Actinopterygii,Teleostei,Paracanthopterygii,Gadiformes,NA,Gadidae,Gadinae,Gadus,Gadus macrocephalus,NA,NA,NA,202423,914154,914156,158852,331030,914179,161061,161105,164385,164665,NA,164701,550569,164710,164711,NA,NA,NA,SP58
19,19,Eleginus gracilis,254537,Eleginus gracilis,Animalia,Bilateria,Deuterostomia,Chordata,Vertebrata,Gnathostomata,Actinopterygii,Teleostei,Paracanthopterygii,Gadiformes,NA,Gadidae,Gadinae,Eleginus,Eleginus gracilis,NA,NA,NA,202423,914154,914156,158852,331030,914179,161061,161105,164385,164665,NA,164701,550569,164707,164708,NA,NA,NA,SP57
45,45,Parophrys vetulus,254393,Parophrys vetulus,Animalia,Bilateria,Deuterostomia,Chordata,Vertebrata,Gnathostomata,Actinopterygii,Teleostei,Acanthopterygii,Pleuronectiformes,Pleuronectoidei,Pleuronectidae,Pleuronectinae,Parophrys,Parophrys vetulus,Pleuronectini,NA,NA,202423,914154,914156,158852,331030,914179,161061,161105,166082,172702,172707,172859,615941,172891,172921,615947,NA,NA,SP88
30,30,Harpagifer antarcticus,234825,Harpagifer antarcticus,Animalia,Bilateria,Deuterostomia,Chordata,Vertebrata,Gnathostomata,Actinopterygii,Teleostei,Acanthopterygii,Perciformes,Notothenioidei,Harpagiferidae,Harpagiferinae,Harpagifer,Harpagifer antarcticus,NA,NA,NA,202423,914154,914156,158852,331030,914179,161061,161105,166082,167640,171099,553224,642445,642458,642860,NA,NA,NA,SP67
78,78,Trematomus bernacchii,234802,Trematomus bernacchii,Animalia,Bilateria,Deuterostomia,Chordata,Vertebrata,Gnathostomata,Actinopterygii,Teleostei,Acanthopterygii,Perciformes,Notothenioidei,Nototheniidae,NA,Trematomus,Trematomus bernacchii,NA,NA,NA,202423,914154,914156,158852,331030,914179,161061,161105,166082,167640,171099,171103,NA,642501,643036,NA,NA,NA,SP108
43,43,Pagothenia borchgrevinki,234801,Pagothenia borchgrevinki,Animalia,Bilateria,Deuterostomia,Chordata,Vertebrata,Gnathostomata,Actinopterygii,Teleostei,Acanthopterygii,Perciformes,Notothenioidei,Nototheniidae,NA,Pagothenia,Pagothenia borchgrevinki,NA,NA,NA,202423,914154,914156,158852,331030,914179,161061,161105,166082,167640,171099,171103,NA,642531,642902,NA,NA,NA,SP90
91,91,Gymnodraco acuticeps,234800,Gymnodraco acuticeps,Animalia,Bilateria,Deuterostomia,Chordata,Vertebrata,Gnathostomata,Actinopterygii,Teleostei,Acanthopterygii,Perciformes,Notothenioidei,Bathydraconidae,NA,Gymnodraco,Gymnodraco acuticeps,NA,NA,NA,202423,914154,914156,158852,331030,914179,161061,161105,166082,167640,171099,171110,NA,171114,642589,NA,NA,NA,SP121
79,79,Trematomus pennellii,234709,Trematomus pennellii,Animalia,Bilateria,Deuterostomia,Chordata,Vertebrata,Gnathostomata,Actinopterygii,Teleostei,Acanthopterygii,Perciformes,Notothenioidei,Nototheniidae,NA,Trematomus,Trematomus pennellii,NA,NA,NA,202423,914154,914156,158852,331030,914179,161061,161105,166082,167640,171099,171103,NA,642501,643043,NA,NA,NA,SP109
76,76,Oreochromis mossambicus,218777,Oreochromis mossambicus,Animalia,Bilateria,Deuterostomia,Chordata,Vertebrata,Gnathostomata,Actinopterygii,Teleostei,Acanthopterygii,Perciformes,Labroidei,Cichlidae,NA,Oreochromis,Oreochromis mossambicus,NA,NA,NA,202423,914154,914156,158852,331030,914179,161061,161105,166082,167640,170476,169770,NA,170014,170015,NA,NA,NA,SP106
49,49,Pomadasys commersonnii,218563,Pomadasys commersonnii,Animalia,Bilateria,Deuterostomia,Chordata,Vertebrata,Gnathostomata,Actinopterygii,Teleostei,Acanthopterygii,Perciformes,Percoidei,Haemulidae,NA,Pomadasys,Pomadasys commersonnii,NA,NA,NA,202423,914154,914156,158852,331030,914179,161061,161105,166082,167640,167641,169055,NA,169091,630243,NA,NA,NA,SP65
48,48,Plectropomus leopardus,218261,plectropomus leopardus,Animalia,Bilateria,Deuterostomia,Chordata,Vertebrata,Gnathostomata,Actinopterygii,Teleostei,Acanthopterygii,Perciformes,Percoidei,Serranidae,Epinephelinae,Plectropomus,Plectropomus leopardus,Epinephelini,NA,NA,202423,914154,914156,158852,331030,914179,161061,161105,166082,167640,167641,167674,551018,167932,167933,643094,NA,NA,SP32
55,55,Sardinops sagax,217452,Sardinops sagax,Animalia,Bilateria,Deuterostomia,Chordata,Vertebrata,Gnathostomata,Actinopterygii,Teleostei,Clupeomorpha,Clupeiformes,Clupeoidei,Clupeidae,Clupeinae,Sardinops,Sardinops sagax,NA,NA,NA,202423,914154,914156,158852,331030,914179,161061,161105,161693,161694,161699,161700,551153,161728,161729,NA,NA,NA,SP20
82,82,Chromis atripectoralis,212812,Chromis atripectoralis,Animalia,Bilateria,Deuterostomia,Chordata,Vertebrata,Gnathostomata,Actinopterygii,Teleostei,Acanthopterygii,Perciformes,Labroidei,Pomacentridae,NA,Chromis,Chromis atripectoralis,NA,NA,NA,202423,914154,914156,158852,331030,914179,161061,161105,166082,167640,170476,170044,NA,170079,170103,NA,NA,NA,SP112
1,1,Albula vulpes,212256,Albula vulpes,Animalia,Bilateria,Deuterostomia,Chordata,Vertebrata,Gnathostomata,Actinopterygii,Teleostei,Elopomorpha,Albuliformes,Albuloidei,Albulidae,Albulinae,Albula,Albula vulpes,NA,NA,NA,202423,914154,914156,158852,331030,914179,161061,161105,161106,553134,161118,161119,635300,161120,161121,NA,NA,NA,SP46
85,85,Cheilodipterus quinquelineatus,209371,Cheilodipterus quinquelineatus,Animalia,Bilateria,Deuterostomia,Chordata,Vertebrata,Gnathostomata,Actinopterygii,Teleostei,Acanthopterygii,Perciformes,Percoidei,Apogonidae,Apogoninae,Cheilodipterus,Cheilodipterus quinquelineatus,NA,NA,NA,202423,914154,914156,158852,331030,914179,161061,161105,166082,167640,167641,168196,642031,168288,168291,NA,NA,NA,SP115
8,8,Bathygobius cocosensis,209216,Bathygobius cocosensis,Animalia,Bilateria,Deuterostomia,Chordata,Vertebrata,Gnathostomata,Actinopterygii,Teleostei,Acanthopterygii,Perciformes,Gobioidei,Gobiidae,NA,Bathygobius,Bathygobius cocosensis,NA,NA,NA,202423,914154,914156,158852,331030,914179,161061,161105,166082,167640,171745,171746,NA,171817,553398,NA,NA,NA,SP92
37,37,Lutjanus griseus,159797,Lutjanus griseus,Animalia,Bilateria,Deuterostomia,Chordata,Vertebrata,Gnathostomata,Actinopterygii,Teleostei,Acanthopterygii,Perciformes,Percoidei,Lutjanidae,Lutjaninae,Lutjanus,Lutjanus griseus,NA,NA,NA,202423,914154,914156,158852,331030,914179,161061,161105,166082,167640,167641,168845,643065,168846,168848,NA,NA,NA,SP82
38,38,Lutjanus apodus,159793,Lutjanus apodus,Animalia,Bilateria,Deuterostomia,Chordata,Vertebrata,Gnathostomata,Actinopterygii,Teleostei,Acanthopterygii,Perciformes,Percoidei,Lutjanidae,Lutjaninae,Lutjanus,Lutjanus apodus,NA,NA,NA,202423,914154,914156,158852,331030,914179,161061,161105,166082,167640,167641,168845,643065,168846,168850,NA,NA,NA,SP85
63,63,Tautogolabrus adspersus,159785,tautogolabrus adspersus,Animalia,Bilateria,Deuterostomia,Chordata,Vertebrata,Gnathostomata,Actinopterygii,Teleostei,Acanthopterygii,Perciformes,Labroidei,Labridae,NA,Tautogolabrus,Tautogolabrus adspersus,NA,NA,NA,202423,914154,914156,158852,331030,914179,161061,161105,166082,167640,170476,170477,NA,170480,170481,NA,NA,NA,SP27
5,5,Anoplopoma fimbria,159463,Anoplopoma fimbria,Animalia,Bilateria,Deuterostomia,Chordata,Vertebrata,Gnathostomata,Actinopterygii,Teleostei,Acanthopterygii,Scorpaeniformes,Anoplopomatoidei,Anoplopomatidae,NA,Anoplopoma,Anoplopoma fimbria,NA,NA,NA,202423,914154,914156,158852,331030,914179,161061,161105,166082,166702,553164,167121,NA,167122,167123,NA,NA,NA,SP74
75,75,Centropristis striata,159348,Centropristis striata,Animalia,Bilateria,Deuterostomia,Chordata,Vertebrata,Gnathostomata,Actinopterygii,Teleostei,Acanthopterygii,Perciformes,Percoidei,Serranidae,Serraninae,Centropristis,Centropristis striata,NA,NA,NA,202423,914154,914156,158852,331030,914179,161061,161105,166082,167640,167641,167674,643089,167686,167687,NA,NA,NA,SP105
20,20,Fundulus heteroclitus,159306,Fundulus heteroclitus,Animalia,Bilateria,Deuterostomia,Chordata,Vertebrata,Gnathostomata,Actinopterygii,Teleostei,Acanthopterygii,Cyprinodontiformes,Cyprinodontoidei,Fundulidae,NA,Fundulus,Fundulus heteroclitus,NA,NA,NA,202423,914154,914156,158852,331030,914179,161061,161105,166082,553130,165614,553174,NA,165644,165647,NA,NA,NA,SP45
22,22,Fundulus heteroclitus,293600,Fundulus heteroclitus,Animalia,Bilateria,Deuterostomia,Chordata,Vertebrata,Gnathostomata,Actinopterygii,Teleostei,Acanthopterygii,Cyprinodontiformes,Cyprinodontoidei,Fundulidae,NA,Fundulus,Fundulus heteroclitus,NA,NA,NA,202423,914154,914156,158852,331030,914179,161061,161105,166082,553130,165614,553174,NA,165644,165647,NA,NA,NA,SP76
21,21,Fundulus diaphanus,159296,Fundulus diaphanus,Animalia,Bilateria,Deuterostomia,Chordata,Vertebrata,Gnathostomata,Actinopterygii,Teleostei,Acanthopterygii,Cyprinodontiformes,Cyprinodontoidei,Fundulidae,NA,Fundulus,Fundulus diaphanus,NA,NA,NA,202423,914154,914156,158852,331030,914179,161061,161105,166082,553130,165614,553174,NA,165644,165646,NA,NA,NA,SP70
44,44,Paralichthys dentatus,158826,Paralichthys dentatus,Animalia,Bilateria,Deuterostomia,Chordata,Vertebrata,Gnathostomata,Actinopterygii,Teleostei,Acanthopterygii,Pleuronectiformes,Pleuronectoidei,Paralichthyidae,NA,Paralichthys,Paralichthys dentatus,NA,NA,NA,202423,914154,914156,158852,331030,914179,161061,161105,166082,172702,172707,553179,NA,172734,172735,NA,NA,NA,SP89
15,15,Coregonus clupeaformis,158726,Coregonus clupeaformis,Animalia,Bilateria,Deuterostomia,Chordata,Vertebrata,Gnathostomata,Actinopterygii,Teleostei,Protacanthopterygii,Salmoniformes,NA,Salmonidae,Coregoninae,Coregonus,Coregonus clupeaformis,NA,NA,NA,202423,914154,914156,158852,331030,914179,161061,161105,161928,161929,NA,161931,623284,161932,161941,NA,NA,NA,SP49
88,88,Catostomus commersonii,158707,Catostomus commersonii,Animalia,Bilateria,Deuterostomia,Chordata,Vertebrata,Gnathostomata,Actinopterygii,Teleostei,Ostariophysi,Cypriniformes,NA,Catostomidae,Catostominae,Catostomus,Catostomus commersonii,Catostomini,Cobitoidea,NA,202423,914154,914156,158852,331030,914179,161061,161105,162845,162846,NA,163892,638809,163893,553273,638849,638797,NA,SP118
2,2,Alosa aestivalis,158667,Alosa aestivalis,Animalia,Bilateria,Deuterostomia,Chordata,Vertebrata,Gnathostomata,Actinopterygii,Teleostei,Clupeomorpha,Clupeiformes,Clupeoidei,Clupeidae,Alosinae,Alosa,Alosa aestivalis,NA,NA,NA,202423,914154,914156,158852,331030,914179,161061,161105,161693,161694,161699,161700,551155,161701,161703,NA,NA,NA,SP91
4,4,Anguilla rostrata,158562,Anguilla rostrata,Animalia,Bilateria,Deuterostomia,Chordata,Vertebrata,Gnathostomata,Actinopterygii,Teleostei,Elopomorpha,Anguilliformes,Anguilloidei,Anguillidae,NA,Anguilla,Anguilla rostrata,NA,NA,NA,202423,914154,914156,158852,331030,914179,161061,161105,161106,161123,161124,161125,NA,161126,161127,NA,NA,NA,SP33
41,41,Oncorhynchus tshawytscha,158075,Oncorhynchus tshawytscha,Animalia,Bilateria,Deuterostomia,Chordata,Vertebrata,Gnathostomata,Actinopterygii,Teleostei,Protacanthopterygii,Salmoniformes,NA,Salmonidae,Salmoninae,Oncorhynchus,Oncorhynchus tshawytscha,NA,NA,NA,202423,914154,914156,158852,331030,914179,161061,161105,161928,161929,NA,161931,623286,161974,161980,NA,NA,NA,SP39
74,74,Cyprinus carpio,154582,Cyprinus carpio,Animalia,Bilateria,Deuterostomia,Chordata,Vertebrata,Gnathostomata,Actinopterygii,Teleostei,Ostariophysi,Cypriniformes,NA,Cyprinidae,NA,Cyprinus,Cyprinus carpio,NA,Cyprinoidea,NA,202423,914154,914156,158852,331030,914179,161061,161105,162845,162846,NA,163342,NA,163343,163344,NA,638796,NA,SP104
90,90,Poecilia reticulata,154400,Poecilia reticulata,Animalia,Bilateria,Deuterostomia,Chordata,Vertebrata,Gnathostomata,Actinopterygii,Teleostei,Acanthopterygii,Cyprinodontiformes,Cyprinodontoidei,Poeciliidae,Poeciliinae,Poecilia,Poecilia reticulata,NA,NA,NA,202423,914154,914156,158852,331030,914179,161061,161105,166082,553130,165614,165876,646790,165897,165903,NA,NA,NA,SP120
36,36,Lota lota,154388,Lota lota,Animalia,Bilateria,Deuterostomia,Chordata,Vertebrata,Gnathostomata,Actinopterygii,Teleostei,Paracanthopterygii,Gadiformes,NA,Gadidae,Lotinae,Lota,Lota lota,NA,NA,NA,202423,914154,914156,158852,331030,914179,161061,161105,164385,164665,NA,164701,550570,164724,164725,NA,NA,NA,SP60
50,50,Rutilus rutilus,154333,rutilus rutilus,Animalia,Bilateria,Deuterostomia,Chordata,Vertebrata,Gnathostomata,Actinopterygii,Teleostei,Ostariophysi,Cypriniformes,NA,Leuciscidae,Leuciscinae,Rutilus,Rutilus rutilus,NA,Cyprinoidea,NA,202423,914154,914156,158852,331030,914179,161061,161105,162845,162846,NA,1198935,1198940,163760,163761,NA,638796,NA,SP13
86,86,Abramis brama,154281,Abramis brama,Animalia,Bilateria,Deuterostomia,Chordata,Vertebrata,Gnathostomata,Actinopterygii,Teleostei,Ostariophysi,Cypriniformes,NA,Leuciscidae,Leuciscinae,Abramis,Abramis brama,NA,Cyprinoidea,NA,202423,914154,914156,158852,331030,914179,161061,161105,162845,162846,NA,1198935,1198940,163665,163666,NA,638796,NA,SP116
46,46,Perca fluviatilis,151353,perca fluviatilis,Animalia,Bilateria,Deuterostomia,Chordata,Vertebrata,Gnathostomata,Actinopterygii,Teleostei,Acanthopterygii,Perciformes,Percoidei,Percidae,NA,Perca,Perca fluviatilis,NA,NA,NA,202423,914154,914156,158852,331030,914179,161061,161105,166082,167640,167641,168356,NA,168468,168470,NA,NA,NA,SP12
62,62,Taurulus bubalis,127204,Taurulus bubalis,Animalia,Bilateria,Deuterostomia,Chordata,Vertebrata,Gnathostomata,Actinopterygii,Teleostei,Acanthopterygii,Scorpaeniformes,Cottoidei,Cottidae,NA,Taurulus,Taurulus bubalis,NA,Cottoidea,NA,202423,914154,914156,158852,331030,914179,161061,161105,166082,166702,167185,167196,NA,167389,167390,NA,643429,NA,SP81
40,40,Myoxocephalus scorpius,127203,Myoxocephalus scorpius,Animalia,Bilateria,Deuterostomia,Chordata,Vertebrata,Gnathostomata,Actinopterygii,Teleostei,Acanthopterygii,Scorpaeniformes,Cottoidei,Cottidae,NA,Myoxocephalus,Myoxocephalus scorpius,NA,Cottoidea,NA,202423,914154,914156,158852,331030,914179,161061,161105,166082,166702,167185,167196,NA,167311,167318,NA,643429,NA,SP80
54,54,Salvelinus alpinus,127188,Salvelinus alpinus,Animalia,Bilateria,Deuterostomia,Chordata,Vertebrata,Gnathostomata,Actinopterygii,Teleostei,Protacanthopterygii,Salmoniformes,NA,Salmonidae,Salmoninae,Salvelinus,Salvelinus alpinus,NA,NA,NA,NA,NA,NA,NA,NA,NA,NA,NA,NA,NA,NA,NA,NA,NA,NA,NA,NA,NA,SP55
51,51,Salmo trutta,127187,salmo trutta,Animalia,Bilateria,Deuterostomia,Chordata,Vertebrata,Gnathostomata,Actinopterygii,Teleostei,Protacanthopterygii,Salmoniformes,NA,Salmonidae,Salmoninae,Salmo,Salmo trutta,NA,NA,NA,202423,914154,914156,158852,331030,914179,161061,161105,161928,161929,NA,161931,623286,161994,161997,NA,NA,NA,SP25
52,52,Salmo salar,127186,salmo salar,Animalia,Bilateria,Deuterostomia,Chordata,Vertebrata,Gnathostomata,Actinopterygii,Teleostei,Protacanthopterygii,Salmoniformes,NA,Salmonidae,Salmoninae,Salmo,Salmo salar,NA,NA,NA,202423,914154,914156,158852,331030,914179,161061,161105,161928,161929,NA,161931,623286,161994,161996,NA,NA,NA,SP35
69,69,Oncorhynchus gorbuscha,127182,Oncorhynchus gorbuscha,Animalia,Bilateria,Deuterostomia,Chordata,Vertebrata,Gnathostomata,Actinopterygii,Teleostei,Protacanthopterygii,Salmoniformes,NA,Salmonidae,Salmoninae,Oncorhynchus,Oncorhynchus gorbuscha,NA,NA,NA,202423,914154,914156,158852,331030,914179,161061,161105,161928,161929,NA,161931,623286,161974,161975,NA,NA,NA,SP98
31,31,Hippoglossus hippoglossus,127138,hippoglossus hippoglossus,Animalia,Bilateria,Deuterostomia,Chordata,Vertebrata,Gnathostomata,Actinopterygii,Teleostei,Acanthopterygii,Pleuronectiformes,Pleuronectoidei,Pleuronectidae,Hippoglossinae,Hippoglossus,Hippoglossus hippoglossus,NA,NA,NA,202423,914154,914156,158852,331030,914179,161061,161105,166082,172702,172707,172859,615937,172931,172933,NA,NA,NA,SP38
58,58,Siganus rivulatus,127045,Siganus rivulatus,Animalia,Bilateria,Deuterostomia,Chordata,Vertebrata,Gnathostomata,Actinopterygii,Teleostei,Acanthopterygii,Perciformes,Acanthuroidei,Siganidae,NA,Siganus,Siganus rivulatus,NA,NA,NA,202423,914154,914156,158852,331030,914179,161061,161105,166082,167640,172249,172328,NA,172329,172346,NA,NA,NA,SP72
57,57,Scomber japonicus,127022,scomber japonicus,Animalia,Bilateria,Deuterostomia,Chordata,Vertebrata,Gnathostomata,Actinopterygii,Teleostei,Acanthopterygii,Perciformes,Scombroidei,Scombridae,Scombrinae,Scomber,Scomber japonicus,Scombrini,NA,NA,202423,914154,914156,158852,331030,914179,161061,161105,166082,167640,172353,172398,638248,172411,172412,638253,NA,NA,SP4
77,77,Chelon labrosus,126977,Chelon labrosus,Animalia,Bilateria,Deuterostomia,Chordata,Vertebrata,Gnathostomata,Actinopterygii,Teleostei,Acanthopterygii,Mugiliformes,NA,Mugilidae,NA,Chelon,Chelon labrosus,NA,NA,NA,202423,914154,914156,158852,331030,914179,161061,161105,166082,553132,NA,170333,NA,170363,170371,NA,NA,NA,SP107
17,17,Dicentrarchus labrax,126975,dicentrarchus labrax,Animalia,Bilateria,Deuterostomia,Chordata,Vertebrata,Gnathostomata,Actinopterygii,Teleostei,Acanthopterygii,Perciformes,Percoidei,Moronidae,NA,Dicentrarchus,Dicentrarchus labrax,NA,NA,NA,202423,914154,914156,158852,331030,914179,161061,161105,166082,167640,167641,202002,NA,170316,170317,NA,NA,NA,SP5
65,65,Anarhichas lupus,126758,Anarhichas lupus,Animalia,Bilateria,Deuterostomia,Chordata,Vertebrata,Gnathostomata,Actinopterygii,Teleostei,Acanthopterygii,Perciformes,Zoarcoidei,Anarhichadidae,NA,Anarhichas,Anarhichas lupus,NA,NA,NA,202423,914154,914156,158852,331030,914179,161061,161105,166082,167640,165214,171335,NA,171336,171341,NA,NA,NA,SP94
72,72,Gasterosteus aculeatus,126505,Gasterosteus aculeatus,Animalia,Bilateria,Deuterostomia,Chordata,Vertebrata,Gnathostomata,Actinopterygii,Teleostei,Acanthopterygii,Gasterosteiformes,Gasterosteoidei,Gasterosteidae,NA,Gasterosteus,Gasterosteus aculeatus,NA,NA,NA,202423,914154,914156,158852,331030,914179,161061,161105,166082,166361,166362,166363,NA,166364,166365,NA,NA,NA,SP102
23,23,Gadus morhua,126436,gadus morhua,Animalia,Bilateria,Deuterostomia,Chordata,Vertebrata,Gnathostomata,Actinopterygii,Teleostei,Paracanthopterygii,Gadiformes,NA,Gadidae,Gadinae,Gadus,Gadus morhua,NA,NA,NA,202423,914154,914156,158852,331030,914179,161061,161105,164385,164665,NA,164701,550569,164710,164712,NA,NA,NA,SP9
10,10,Boreogadus saida,126433,Boreogadus saida,Animalia,Bilateria,Deuterostomia,Chordata,Vertebrata,Gnathostomata,Actinopterygii,Teleostei,Paracanthopterygii,Gadiformes,NA,Gadidae,Gadinae,Boreogadus,Boreogadus saida,NA,NA,NA,202423,914154,914156,158852,331030,914179,161061,161105,164385,164665,NA,164701,550569,164705,164706,NA,NA,NA,SP56
61,61,Sprattus sprattus,126425,sprattus sprattus,Animalia,Bilateria,Deuterostomia,Chordata,Vertebrata,Gnathostomata,Actinopterygii,Teleostei,Clupeomorpha,Clupeiformes,Clupeoidei,Clupeidae,Clupeinae,Sprattus,Sprattus sprattus,NA,NA,NA,202423,914154,914156,158852,331030,914179,161061,161105,161693,161694,161699,161700,551153,161788,161789,NA,NA,NA,SP7
14,14,Clupea harengus,126417,Clupea harengus,Animalia,Bilateria,Deuterostomia,Chordata,Vertebrata,Gnathostomata,Actinopterygii,Teleostei,Clupeomorpha,Clupeiformes,Clupeoidei,Clupeidae,Clupeinae,Clupea,Clupea harengus,NA,NA,NA,202423,914154,914156,158852,331030,914179,161061,161105,161693,161694,161699,161700,551153,161721,161722,NA,NA,NA,SP26
47,47,Petromyzon marinus,101174,Petromyzon marinus,Animalia,Bilateria,Deuterostomia,Chordata,Vertebrata,Agnatha,NA,Cephalaspidomorphi,NA,Petromyzontiformes,NA,Petromyzontidae,NA,Petromyzon,Petromyzon marinus,NA,NA,NA,202423,914154,914156,158852,331030,914178,NA,159694,NA,159696,NA,159697,NA,159721,159722,NA,NA,NA,SP78